A_Alert,4,4,4,5,5,5,5,6,6,6
A_Drowsy,6,7,7,7,8,8,7,7,8,8
B_Alert,3,3,4,4,4,4,4,5,5,6
B_Drowsy,6,6,7,7,7,8,8,8,8,7.5
C_Alert,4,4,3,3,5,5,5,6,5,5
D_Alert,3,3,4,4,4,6,7,4,5,6
D_Drowsy,6,6,7,7,8,8,8,9,9,9
E_Alert,2,2,2,2,3,3,3,4,4,4
E_Drowsy,6,6,7,7,7,8,8,8,9,9
F_Alert,1,1,1,2,2,2,2,3,4,2
G_Alert,5,5,5,5,6,6,5,4,5,6
G_Drowsy,6,6,6.5,7,7,6,6,6,7,7
H_Alert,2,2,2,3,3,4,4,4,4,5
H_Drowsy,6,6,7,7,7,7,8,8,9,9
I_Alert,1,1,1,1,1,2,2,3,3,3
I_Drowsy,7,7,7,8,8,8,8,8,8,8
J_Alert,3,3,4,5,5,6,6,7,7,7
J_Drowsy,7,7,8,8,8,8,9,8,8,9
K_Alert,3,4,5,5,4,5,6,5,5,4
K_Drowsy,6,6,7,7,7,7,8,8,8,8
L_Alert,6,5,4,4,4,6,6,5,5,5
M_Alert,2,2,2,2,2,3,3,3,3,4
M_Drowsy,6,6,6,7,7,8,8,8,8,9
N_Alert,3,3,4,4,5,6,6,6,6,5
N_Drowsy,8,7,7,7,7,7,7,7,8,8
O_Alert,1,1,2,3,3,3,3,4,4,4
O_Drowsy,6,6,6,6,7,7,7,8,7,6
P_Alert,1,2,3,2,3,3,4,4,5,4.5
P_Drowsy,7,7,7.5,8,8,8,9,9,8,8
Q_Alert,1,1,1,2,3,3,3,3,3,3
Q_Drowsy,5,6,6,7,7,8,8,8,8,9
R_Alert,2,1,1,1,1,2,2,3,4,4
R_Drowsy,6,7,7,7.5,8,8,8,9,9,9
S_Alert,1,1,1,2,2,2,2,3,3,3
S_Drowsy,5,5,6,6,7,8,8,8,9,9
