model,combo,protocol,Acc,Pre,Rec,F1
SVM,Bio+Behavioral,A_5fold_όπως_στο_άρθρο,58.5,57.7760801290213,57.574450509233124,57.42807867239793
SVM,Bio+Behavioral,B_5fold_χωρίς_διαρροή,58.53571428571429,57.82392498719354,57.60601616579878,57.46050189271962
SVM,Bio+Behavioral,C_LOSO,50.57142857142857,50.06423346441827,49.5080855135203,49.51329082060767
SVM,Bio+Behavioral,Άρθρο_Πίνακας8,79.87,79.88,80.38,80.04
RF,Bio+Behavioral,A_5fold_όπως_στο_άρθρο,68.92857142857143,70.95517610476418,67.07630131543175,67.7292768420939
RF,Bio+Behavioral,B_5fold_χωρίς_διαρροή,68.5,70.69772070650112,66.65954315410836,67.33757481349265
RF,Bio+Behavioral,C_LOSO,46.464285714285715,42.988212040233805,43.43270960118786,42.0016836222946
RF,Bio+Behavioral,Άρθρο_Πίνακας8,74.14,77.92,72.53,73.61
SVM,Bio+Facial,A_5fold_όπως_στο_άρθρο,61.10714285714286,62.3597441741667,61.914630257021564,60.93146510525983
SVM,Bio+Facial,B_5fold_χωρίς_διαρροή,60.92857142857143,62.251694390747105,61.77804180521572,60.791452087361634
SVM,Bio+Facial,C_LOSO,47.92857142857142,49.23850978772304,47.90098186837317,47.67656842699643
SVM,Bio+Facial,Άρθρο_Πίνακας8,73.06,73.05,72.84,72.43
RF,Bio+Facial,A_5fold_όπως_στο_άρθρο,76.42857142857142,77.34487145279338,75.56138507225464,76.12333702580791
RF,Bio+Facial,B_5fold_χωρίς_διαρροή,76.39285714285714,77.41509126529604,75.63680281071585,76.2035664278066
RF,Bio+Facial,C_LOSO,46.82142857142857,42.47154398331555,43.86351872764916,42.87982055020545
RF,Bio+Facial,Άρθρο_Πίνακας8,70.65,75.94,68.71,69.77
SVM,Bio+Behavioral+Facial,A_5fold_όπως_στο_άρθρο,62.07142857142857,62.330294677829066,62.301260534956185,61.337638614418566
SVM,Bio+Behavioral+Facial,B_5fold_χωρίς_διαρροή,61.964285714285715,62.281899830981445,62.22950258276345,61.23524247545522
SVM,Bio+Behavioral+Facial,C_LOSO,50.07142857142857,50.60027345169248,49.78557573666269,49.00601726399601
SVM,Bio+Behavioral+Facial,Άρθρο_Πίνακας8,83.75,83.85,84.13,83.95
RF,Bio+Behavioral+Facial,A_5fold_όπως_στο_άρθρο,72.96428571428571,75.04892853118501,71.90244839701361,72.74782900937552
RF,Bio+Behavioral+Facial,B_5fold_χωρίς_διαρροή,73.89285714285714,76.06582246993618,72.86471077231947,73.74616706188522
RF,Bio+Behavioral+Facial,C_LOSO,47.75,43.573765705801755,44.606259280172324,43.12496729024867
RF,Bio+Behavioral+Facial,Άρθρο_Πίνακας8,75.14,76.41,74.69,75.21
