baseline,n_subjects,mean_F1_proposed,mean_F1_baseline,mean_difference,wins,ties,losses,wilcoxon_p,significant_p<0.05
unimodal_face,19,0.302624997324012,0.28075882284825965,0.021866174475752276,11,0,8,0.5948867797851562,False
chance_stratified,19,0.302624997324012,0.3072956479088375,-0.00467065058482559,9,0,10,0.8905677795410156,False
late_meta_dropout,19,0.302624997324012,0.30988128260932113,-0.007256285285309197,6,3,10,0.5694942779917188,False
ablation_bio+face,19,0.302624997324012,0.31442994151412795,-0.011804944190115973,9,0,10,0.48996734619140625,False
late_meta,19,0.302624997324012,0.31984467818029705,-0.01721968085628511,8,1,10,0.44598168917699166,False
late_meta_zero_dropout,19,0.302624997324012,0.32002036603390793,-0.017395368709895945,6,0,13,0.25792694091796875,False
ablation_veh+face,19,0.302624997324012,0.3225071011135425,-0.019882103789530554,9,0,10,0.48996734619140625,False
ablation_bio+veh,19,0.302624997324012,0.34110031712345157,-0.038475319799439606,10,0,9,0.6225624084472656,False
late_stacking_LR,19,0.302624997324012,0.36105984217299913,-0.05843484484898721,8,0,11,0.12318801879882812,False
unimodal_veh,19,0.302624997324012,0.36713054844639154,-0.06450555112237963,11,0,8,0.3954620361328125,False
unimodal_bio,19,0.302624997324012,0.3799571934833363,-0.0773321961593243,8,0,11,0.168792724609375,False
late_hard_voting,19,0.302624997324012,0.38149676343718075,-0.07887176611316879,6,0,13,0.020412445068359375,True
early_paper_SVM,19,0.302624997324012,0.38312953643994124,-0.08050453911592932,6,0,13,0.015972137451171875,True
early_paper_RF,19,0.302624997324012,0.38485363332140593,-0.08222863599739401,5,1,13,0.010843698055191907,True
early_fusion_RF,19,0.302624997324012,0.3874829728268575,-0.08485797550284553,8,0,11,0.18186569213867188,False
early_MLP,19,0.302624997324012,0.3894306886046351,-0.0868056912806231,7,0,12,0.060207366943359375,False
late_soft_voting,19,0.302624997324012,0.4064965754921889,-0.10387157816817699,6,0,13,0.005329132080078125,True
