method,family,accuracy,precision_macro,recall_macro,macro_F1,F1_CI95_low,F1_CI95_high,recall_High,kappa_quadratic,balanced_acc,subj_F1_mean,subj_F1_std,F1_no_bio,F1_no_veh,F1_no_face,F1_missing_mean,retention_%,F1_conflict,ms_per_window,model_KB,vs_proposed_wins/ties/losses,vs_proposed_p
late_meta_reliability,ΠΡΟΤΕΙΝΟΜΕΝΗ,0.9221428571428572,0.9228941799400131,0.9247619831858961,0.923768011695135,0.8978265959969082,0.9439079732253083,0.9365530303030303,0.9357372222626645,0.9247619831858961,0.860881659602721,0.13877731229671877,0.8531764202330288,0.9082781541841302,0.8777048152998548,0.8797197965723379,95.23167997103866,0.8791104068831145,0.3227525714152892,6909.5576171875,,
early_fusion_RF,Πρώιμη σύντηξη,0.9207142857142857,0.9231789063187668,0.9229242476525085,0.9226015635020485,0.8982738817018875,0.9442843878470824,0.9535984848484849,0.9325442076353533,0.9229242476525085,0.855986937286921,0.13317204240217792,0.6256763242572055,0.8852644654634186,0.576239630205765,0.6957268066421297,75.40923776470328,0.882008048362605,0.13972985712046335,2219.6767578125,8/3/8,0.7959872153886274
late_meta,Όψιμη σύντηξη,0.9192857142857143,0.9209058867351541,0.9219792385553255,0.9213667510457872,0.8923598597777301,0.9434862553595804,0.9375,0.9352056200939377,0.9219792385553255,0.8589470365925973,0.1405203646788977,0.498916520392017,0.8911526174272241,0.5353758284189399,0.6418149887460604,69.65901341866041,0.8734704067107729,,,5/6/8,0.972125329731665
late_meta_dropout,Όψιμη σύντηξη,0.9175,0.9187492220881674,0.9199892297718385,0.9193139012609969,0.8917026879479232,0.9410442483398362,0.9356060606060606,0.9328921501209478,0.9199892297718385,0.8532913636852534,0.14217742917004664,0.8561644938033156,0.9067407798731916,0.8773938173956067,0.880099697024038,95.73440538828251,0.8723578260461652,,,11/5/3,0.06403929052055474
late_meta_zero_dropout,Όψιμη σύντηξη,0.9153571428571429,0.9165533203859534,0.9181423447727796,0.9172561835613132,0.8885387552343611,0.9406972786829768,0.9346590909090909,0.9313099170550085,0.9181423447727796,0.851796260681245,0.1416389216244249,0.8543705242079639,0.9021167181202697,0.8719365010550691,0.8761412477944343,95.51761694238492,0.8666789614308353,,,10/3/6,0.16267331507194682
late_stacking_LR,Όψιμη σύντηξη,0.9114285714285715,0.9121385805643114,0.9151478553652467,0.9131771382922279,0.8891626375436897,0.933610478772609,0.9403409090909091,0.9297059411882377,0.9151478553652467,0.843967349662706,0.1337258243519192,0.42674676261917827,0.882179232895056,0.6011859546261981,0.6367039833801441,69.72403892752635,0.8619368204521773,,,12/3/4,0.049421966979675956
ablation_bio+face,Ablation (2 κλάδοι),0.9042857142857142,0.9046170330260549,0.9075544523914089,0.9058023023440468,0.8788387583646377,0.9301776468194684,0.9327651515151515,0.9238452336028391,0.9075544523914089,0.8415217743593943,0.13668245962875197,,,,,,0.8447168456526484,,,11/4/4,0.0534743671544843
late_soft_voting,Όψιμη σύντηξη,0.8828571428571429,0.8851084272232038,0.8878465033356338,0.8857972168076031,0.8580074356749015,0.9078822638311854,0.9166666666666666,0.9033889651211029,0.8878465033356338,0.8061510164670939,0.13801783777117563,0.8516108330124502,0.8955976010432439,0.8508762007007374,0.8660282115854772,97.76822450477174,0.8094329053859218,,,14/3/2,0.0009350911193154891
late_hard_voting,Όψιμη σύντηξη,0.8757142857142857,0.8794035915041393,0.8803262960871656,0.8796769040779253,0.8517004885310664,0.9015973518795748,0.896780303030303,0.8916897685513506,0.8803262960871656,0.8059679972641104,0.14423592387498607,0.8516108330124502,0.8955976010432439,0.8508762007007374,0.8660282115854772,98.44844255553637,0.7967058689517623,,,19/0/0,3.814697265625e-06
ablation_bio+veh,Ablation (2 κλάδοι),0.8775,0.8780431172811474,0.8811843852604723,0.8794669359226474,0.8435380860614624,0.9069560242922211,0.8929924242424242,0.880372746912585,0.8811843852604723,0.8150151691807502,0.14439989340842627,,,,,,0.7959665334529289,,,15/1/3,0.0037783360489364918
ablation_veh+face,Ablation (2 κλάδοι),0.8617857142857143,0.8639496640257484,0.8650943963443963,0.8639763159200579,0.8334297034096502,0.8902493748612593,0.9053030303030303,0.8755884330867518,0.8650943963443963,0.7737702021347088,0.15383764907579797,,,,,,0.7698745529739438,,,16/2/1,0.0005991194011680517
unimodal_bio,Ένας κλάδος,0.8509494804729487,0.8489164630878888,0.8573875051660962,0.851660941711295,0.8110266708911449,0.8837636263982124,0.8701050620821394,0.8436872637091588,0.8573875051660962,0.7947022272231861,0.13517693775837825,,,,,,0.7359146754439766,,,17/0/2,0.00141143798828125
early_MLP,Πρώιμη σύντηξη,0.8439285714285715,0.8466671477363447,0.8447786613547482,0.8455901519826492,0.8113098970876435,0.8754536473662997,0.8740530303030303,0.8264528537691826,0.8447786613547482,0.7766853879374276,0.14059699396810582,0.6908906120372453,0.8050671284276761,0.5980770567554814,0.6980115990734678,82.54727156375283,0.7643986748622557,0.005723107148826655,214.857421875,18/0/1,2.6702880859375e-05
unimodal_face,Ένας κλάδος,0.8373275236020334,0.8373940256974398,0.8407399898405039,0.8376278449477154,0.7982270135338541,0.8688101390656153,0.9106967615309126,0.8578243964613581,0.8407399898405039,0.7135276275166479,0.16363941909943078,,,,,,0.7087184413615154,,,17/2/0,0.0002930525201924893
early_paper_RF,Πρώιμη σύντηξη,0.7389285714285714,0.7606582246993617,0.7286471077231947,0.7374616706188521,0.6926066667327416,0.7758169176419614,0.8257575757575758,0.6339351142495504,0.7286471077231947,0.6325827227868875,0.1640231905555963,0.5964168214027149,0.6290413013670294,0.5839690473942055,0.60314239005465,81.78626958991833,0.5892153501487151,0.06972007141614865,478.001953125,18/1/0,0.00019643672621231134
unimodal_veh,Ένας κλάδος,0.6192544335866812,0.6263083332516866,0.6156982917729178,0.6193220630276595,0.5419273232164097,0.6789107484023584,0.6180758017492711,0.4747689830206925,0.6156982917729178,0.5702747905241615,0.16974362039687416,,,,,,0.2543614699373035,,,19/0/0,3.814697265625e-06
early_paper_SVM,Πρώιμη σύντηξη,0.6196428571428572,0.6228189983098145,0.6222950258276345,0.6123524247545522,0.5411831181345723,0.664429589384439,0.7215909090909091,0.476381015894187,0.6222950258276345,0.5026862276439346,0.18624987511751076,0.4743841548284247,0.612246301987776,0.5673192383013812,0.5513165650391939,90.03256013237423,0.46761317505644234,0.35620889281355106,458.58203125,18/1/0,0.00019643672621231134
chance_stratified,Τυχαίο,0.3485714285714286,0.34397631005878426,0.34451071271723444,0.3441146500642351,0.32234389548989223,0.3625698009943125,0.3768939393939394,0.02592087312414737,0.34451071271723444,0.3532952949069305,0.064295739293728,0.3441146500642351,0.3441146500642351,0.3441146500642351,0.3441146500642351,99.99999999999999,0.3333307654789777,0.003603357181418687,0.4794921875,19/0/0,3.814697265625e-06
