method,scenario,subject,accuracy,macro_F1
ablation_bio+face,all,A,0.35625,0.38764832290012147
ablation_bio+face,all,B,0.64375,0.5870639593095438
ablation_bio+face,all,C,0.0625,0.08771929824561403
ablation_bio+face,all,D,0.2375,0.23457413457413456
ablation_bio+face,all,E,0.10625,0.10905695611577965
ablation_bio+face,all,F,0.175,0.1590909090909091
ablation_bio+face,all,G,0.64375,0.6280090625885019
ablation_bio+face,all,H,0.2625,0.20262804240704793
ablation_bio+face,all,I,0.25,0.2548611111111111
ablation_bio+face,all,J,0.36875,0.34434649691204183
ablation_bio+face,all,K,0.59375,0.4027685492801772
ablation_bio+face,all,L,0.2,0.3333333333333333
ablation_bio+face,all,M,0.40625,0.39254699123003545
ablation_bio+face,all,N,0.2875,0.26099383558260475
ablation_bio+face,all,O,0.175,0.1574664619442722
ablation_bio+face,all,P,0.38125,0.3944997752187294
ablation_bio+face,all,Q,0.28125,0.2962725963845785
ablation_bio+face,all,R,0.44375,0.2049062049062049
ablation_bio+face,all,S,0.65625,0.5363828476336897
ablation_bio+face,conflict,A,0.34507042253521125,0.36877394636015326
ablation_bio+face,conflict,B,0.6183206106870229,0.47981756805286224
ablation_bio+face,conflict,C,0.06329113924050633,0.08771929824561403
ablation_bio+face,conflict,D,0.24203821656050956,0.23978632866815264
ablation_bio+face,conflict,E,0.10869565217391304,0.1104442777361007
ablation_bio+face,conflict,F,0.17105263157894737,0.1566265060240964
ablation_bio+face,conflict,G,0.6493506493506493,0.6190476190476191
ablation_bio+face,conflict,H,0.24793388429752067,0.19444444444444442
ablation_bio+face,conflict,I,0.2635135135135135,0.26854098282669714
ablation_bio+face,conflict,J,0.3670886075949367,0.34389140271493207
ablation_bio+face,conflict,K,0.5911949685534591,0.4014005602240897
ablation_bio+face,conflict,L,0.20270270270270271,0.33707865168539325
ablation_bio+face,conflict,M,0.4166666666666667,0.40179955271233164
ablation_bio+face,conflict,N,0.23529411764705882,0.23524039752887457
ablation_bio+face,conflict,O,0.12080536912751678,0.1201330337657736
ablation_bio+face,conflict,P,0.34074074074074073,0.37109324016344897
ablation_bio+face,conflict,Q,0.2391304347826087,0.26048270492714937
ablation_bio+face,conflict,R,0.43870967741935485,0.20328849028400597
ablation_bio+face,conflict,S,0.6622516556291391,0.5413561847988078
ablation_bio+veh,all,A,0.66875,0.6761548782825378
ablation_bio+veh,all,B,0.58125,0.5232160700640687
ablation_bio+veh,all,C,0.1625,0.23358585858585856
ablation_bio+veh,all,D,0.375,0.3148797920727745
ablation_bio+veh,all,E,0.14375,0.1325338754860711
ablation_bio+veh,all,F,0.1375,0.13095238095238096
ablation_bio+veh,all,G,0.41875,0.5090248476324426
ablation_bio+veh,all,H,0.31875,0.2095360824742268
ablation_bio+veh,all,I,0.55,0.5703700512643777
ablation_bio+veh,all,J,0.45625,0.44243985797894475
ablation_bio+veh,all,K,0.46875,0.27585863613738176
ablation_bio+veh,all,L,0.475,0.6440677966101694
ablation_bio+veh,all,M,0.25,0.26491485613623017
ablation_bio+veh,all,N,0.35,0.30784280260498537
ablation_bio+veh,all,O,0.19375,0.18068158903004639
ablation_bio+veh,all,P,0.41875,0.2957692307692308
ablation_bio+veh,all,Q,0.1375,0.15255255255255254
ablation_bio+veh,all,R,0.4625,0.37553107789142404
ablation_bio+veh,all,S,0.31875,0.2409937888198758
ablation_bio+veh,conflict,A,0.6267605633802817,0.6102931680227301
ablation_bio+veh,conflict,B,0.6106870229007634,0.5201155447508872
ablation_bio+veh,conflict,C,0.16455696202531644,0.23495518565941098
ablation_bio+veh,conflict,D,0.37579617834394907,0.3118353631174144
ablation_bio+veh,conflict,E,0.14492753623188406,0.1313131313131313
ablation_bio+veh,conflict,F,0.14473684210526316,0.1375
ablation_bio+veh,conflict,G,0.4090909090909091,0.4976854828339977
ablation_bio+veh,conflict,H,0.2809917355371901,0.20112994350282487
ablation_bio+veh,conflict,I,0.5540540540540541,0.5759715519431039
ablation_bio+veh,conflict,J,0.45569620253164556,0.443176000568289
ablation_bio+veh,conflict,K,0.46540880503144655,0.27468918601923525
ablation_bio+veh,conflict,L,0.5135135135135135,0.6785714285714286
ablation_bio+veh,conflict,M,0.2564102564102564,0.26965879265091863
ablation_bio+veh,conflict,N,0.35294117647058826,0.27460786542396
ablation_bio+veh,conflict,O,0.18791946308724833,0.18144927536231883
ablation_bio+veh,conflict,P,0.3925925925925926,0.28078650733112975
ablation_bio+veh,conflict,Q,0.11594202898550725,0.1343101343101343
ablation_bio+veh,conflict,R,0.45806451612903226,0.3742548332141067
ablation_bio+veh,conflict,S,0.33112582781456956,0.25172735760971054
ablation_veh+face,all,A,0.5125,0.597862886161659
ablation_veh+face,all,B,0.48125,0.47441154507125427
ablation_veh+face,all,C,0.1,0.1523809523809524
ablation_veh+face,all,D,0.15625,0.14262784621127286
ablation_veh+face,all,E,0.41875,0.39625251134202544
ablation_veh+face,all,F,0.4125,0.32966457023060797
ablation_veh+face,all,G,0.26875,0.29188712522045857
ablation_veh+face,all,H,0.55,0.5256215665245342
ablation_veh+face,all,I,0.21875,0.24497309544038515
ablation_veh+face,all,J,0.28125,0.2336867275211052
ablation_veh+face,all,K,0.3625,0.19418383467130929
ablation_veh+face,all,L,0.025,0.04878048780487805
ablation_veh+face,all,M,0.55,0.46434392032497046
ablation_veh+face,all,N,0.1875,0.17402531411677755
ablation_veh+face,all,O,0.35,0.35453996772708796
ablation_veh+face,all,P,0.46875,0.3424770581633327
ablation_veh+face,all,Q,0.6,0.4889912516494795
ablation_veh+face,all,R,0.325,0.2571785268414482
ablation_veh+face,all,S,0.49375,0.4137457337537691
ablation_veh+face,conflict,A,0.5070422535211268,0.5949832775919732
ablation_veh+face,conflict,B,0.4351145038167939,0.42222895520880677
ablation_veh+face,conflict,C,0.08860759493670886,0.14019607843137255
ablation_veh+face,conflict,D,0.1592356687898089,0.1455162855162855
ablation_veh+face,conflict,E,0.38405797101449274,0.36671087533156504
ablation_veh+face,conflict,F,0.40789473684210525,0.3277777777777778
ablation_veh+face,conflict,G,0.2532467532467532,0.275
ablation_veh+face,conflict,H,0.512396694214876,0.5095381443525083
ablation_veh+face,conflict,I,0.21621621621621623,0.23532262531154804
ablation_veh+face,conflict,J,0.2721518987341772,0.22679970027669985
ablation_veh+face,conflict,K,0.36477987421383645,0.19522173130420553
ablation_veh+face,conflict,L,0.013513513513513514,0.02666666666666667
ablation_veh+face,conflict,M,0.5641025641025641,0.4770691577288279
ablation_veh+face,conflict,N,0.12605042016806722,0.12020481310803892
ablation_veh+face,conflict,O,0.31543624161073824,0.30497720140470724
ablation_veh+face,conflict,P,0.4222222222222222,0.33174124350594936
ablation_veh+face,conflict,Q,0.572463768115942,0.46959104526363765
ablation_veh+face,conflict,R,0.3161290322580645,0.2522875816993464
ablation_veh+face,conflict,S,0.4966887417218543,0.41823752228163996
chance_stratified,all,A,0.29375,0.345554834523037
chance_stratified,all,B,0.31875,0.28564117364117364
chance_stratified,all,C,0.2875,0.3621621621621622
chance_stratified,all,D,0.30625,0.27554016354016353
chance_stratified,all,E,0.3,0.29670773614952645
chance_stratified,all,F,0.25,0.27301790281329924
chance_stratified,all,G,0.31875,0.3583687340696686
chance_stratified,all,H,0.31875,0.3118089973313
chance_stratified,all,I,0.325,0.39563221097245116
chance_stratified,all,J,0.35,0.3019708842493653
chance_stratified,all,K,0.31875,0.27745306540239784
chance_stratified,all,L,0.2375,0.3838383838383838
chance_stratified,all,M,0.2875,0.28608953949991295
chance_stratified,all,N,0.30625,0.27437291490455734
chance_stratified,all,O,0.28125,0.27897861969646615
chance_stratified,all,P,0.30625,0.29630486175352044
chance_stratified,all,Q,0.29375,0.2879613757438286
chance_stratified,all,R,0.26875,0.25719546939059135
chance_stratified,all,S,0.29375,0.29001828058610785
chance_stratified,conflict,A,0.2887323943661972,0.3390804597701149
chance_stratified,conflict,B,0.3053435114503817,0.26321040696980547
chance_stratified,conflict,C,0.2911392405063291,0.36454311454311455
chance_stratified,conflict,D,0.29936305732484075,0.27002100246375055
chance_stratified,conflict,E,0.2971014492753623,0.28521703521703523
chance_stratified,conflict,F,0.2631578947368421,0.28409090909090906
chance_stratified,conflict,G,0.3181818181818182,0.3560049019607843
chance_stratified,conflict,H,0.3305785123966942,0.3257265472455346
chance_stratified,conflict,I,0.32432432432432434,0.39943859649122804
chance_stratified,conflict,J,0.34810126582278483,0.3014269396757876
chance_stratified,conflict,K,0.32075471698113206,0.27928643403095954
chance_stratified,conflict,L,0.25675675675675674,0.40860215053763443
chance_stratified,conflict,M,0.28846153846153844,0.2874064732471812
chance_stratified,conflict,N,0.29411764705882354,0.2485086052159223
chance_stratified,conflict,O,0.28187919463087246,0.2772455483277482
chance_stratified,conflict,P,0.3111111111111111,0.3058880336296759
chance_stratified,conflict,Q,0.2826086956521739,0.28070818070818065
chance_stratified,conflict,R,0.2709677419354839,0.2605912969799673
chance_stratified,conflict,S,0.2913907284768212,0.28955521602580425
chance_stratified,no_bio,A,0.29375,0.345554834523037
chance_stratified,no_bio,B,0.31875,0.28564117364117364
chance_stratified,no_bio,C,0.2875,0.3621621621621622
chance_stratified,no_bio,D,0.30625,0.27554016354016353
chance_stratified,no_bio,E,0.3,0.29670773614952645
chance_stratified,no_bio,F,0.25,0.27301790281329924
chance_stratified,no_bio,G,0.31875,0.3583687340696686
chance_stratified,no_bio,H,0.31875,0.3118089973313
chance_stratified,no_bio,I,0.325,0.39563221097245116
chance_stratified,no_bio,J,0.35,0.3019708842493653
chance_stratified,no_bio,K,0.31875,0.27745306540239784
chance_stratified,no_bio,L,0.2375,0.3838383838383838
chance_stratified,no_bio,M,0.2875,0.28608953949991295
chance_stratified,no_bio,N,0.30625,0.27437291490455734
chance_stratified,no_bio,O,0.28125,0.27897861969646615
chance_stratified,no_bio,P,0.30625,0.29630486175352044
chance_stratified,no_bio,Q,0.29375,0.2879613757438286
chance_stratified,no_bio,R,0.26875,0.25719546939059135
chance_stratified,no_bio,S,0.29375,0.29001828058610785
chance_stratified,no_face,A,0.29375,0.345554834523037
chance_stratified,no_face,B,0.31875,0.28564117364117364
chance_stratified,no_face,C,0.2875,0.3621621621621622
chance_stratified,no_face,D,0.30625,0.27554016354016353
chance_stratified,no_face,E,0.3,0.29670773614952645
chance_stratified,no_face,F,0.25,0.27301790281329924
chance_stratified,no_face,G,0.31875,0.3583687340696686
chance_stratified,no_face,H,0.31875,0.3118089973313
chance_stratified,no_face,I,0.325,0.39563221097245116
chance_stratified,no_face,J,0.35,0.3019708842493653
chance_stratified,no_face,K,0.31875,0.27745306540239784
chance_stratified,no_face,L,0.2375,0.3838383838383838
chance_stratified,no_face,M,0.2875,0.28608953949991295
chance_stratified,no_face,N,0.30625,0.27437291490455734
chance_stratified,no_face,O,0.28125,0.27897861969646615
chance_stratified,no_face,P,0.30625,0.29630486175352044
chance_stratified,no_face,Q,0.29375,0.2879613757438286
chance_stratified,no_face,R,0.26875,0.25719546939059135
chance_stratified,no_face,S,0.29375,0.29001828058610785
chance_stratified,no_veh,A,0.29375,0.345554834523037
chance_stratified,no_veh,B,0.31875,0.28564117364117364
chance_stratified,no_veh,C,0.2875,0.3621621621621622
chance_stratified,no_veh,D,0.30625,0.27554016354016353
chance_stratified,no_veh,E,0.3,0.29670773614952645
chance_stratified,no_veh,F,0.25,0.27301790281329924
chance_stratified,no_veh,G,0.31875,0.3583687340696686
chance_stratified,no_veh,H,0.31875,0.3118089973313
chance_stratified,no_veh,I,0.325,0.39563221097245116
chance_stratified,no_veh,J,0.35,0.3019708842493653
chance_stratified,no_veh,K,0.31875,0.27745306540239784
chance_stratified,no_veh,L,0.2375,0.3838383838383838
chance_stratified,no_veh,M,0.2875,0.28608953949991295
chance_stratified,no_veh,N,0.30625,0.27437291490455734
chance_stratified,no_veh,O,0.28125,0.27897861969646615
chance_stratified,no_veh,P,0.30625,0.29630486175352044
chance_stratified,no_veh,Q,0.29375,0.2879613757438286
chance_stratified,no_veh,R,0.26875,0.25719546939059135
chance_stratified,no_veh,S,0.29375,0.29001828058610785
early_MLP,all,A,0.6625,0.7345752537043213
early_MLP,all,B,0.50625,0.40227686539272534
early_MLP,all,C,0.2625,0.26218487394957984
early_MLP,all,D,0.41875,0.21409644939056705
early_MLP,all,E,0.48125,0.42626553321265215
early_MLP,all,F,0.3625,0.3548387096774194
early_MLP,all,G,0.5875,0.6304878048780488
early_MLP,all,H,0.69375,0.6223113106229988
early_MLP,all,I,0.31875,0.3185104138173577
early_MLP,all,J,0.2875,0.25750350151000295
early_MLP,all,K,0.55,0.23655913978494625
early_MLP,all,L,0.5875,0.7401574803149606
early_MLP,all,M,0.375,0.36550034577637835
early_MLP,all,N,0.1875,0.18134351301496207
early_MLP,all,O,0.25,0.21660280970625798
early_MLP,all,P,0.5375,0.47348484848484845
early_MLP,all,Q,0.575,0.49654250618593143
early_MLP,all,R,0.45,0.20689655172413793
early_MLP,all,S,0.3625,0.25904517233997
early_MLP,conflict,A,0.6619718309859155,0.7413410575619377
early_MLP,conflict,B,0.5648854961832062,0.3956769667114495
early_MLP,conflict,C,0.26582278481012656,0.265527950310559
early_MLP,conflict,D,0.4267515923566879,0.21755610113279064
early_MLP,conflict,E,0.4420289855072464,0.40494629968314183
early_MLP,conflict,F,0.3684210526315789,0.3606060606060606
early_MLP,conflict,G,0.5974025974025974,0.6317526489491054
early_MLP,conflict,H,0.6033057851239669,0.5797257545225025
early_MLP,conflict,I,0.31756756756756754,0.3175364105373693
early_MLP,conflict,J,0.2911392405063291,0.2613145887285732
early_MLP,conflict,K,0.5471698113207547,0.23577235772357721
early_MLP,conflict,L,0.581081081081081,0.7350427350427351
early_MLP,conflict,M,0.3782051282051282,0.3698745519713262
early_MLP,conflict,N,0.17647058823529413,0.15555893624265607
early_MLP,conflict,O,0.2550335570469799,0.21498708010335918
early_MLP,conflict,P,0.5407407407407407,0.48706484772058545
early_MLP,conflict,Q,0.572463768115942,0.4969303872653837
early_MLP,conflict,R,0.44516129032258067,0.20535714285714288
early_MLP,conflict,S,0.37748344370860926,0.26661676646706584
early_MLP,no_bio,A,0.40625,0.4654205607476636
early_MLP,no_bio,B,0.3,0.27095235044495086
early_MLP,no_bio,C,0.6,0.4297912713472486
early_MLP,no_bio,D,0.39375,0.19444444444444445
early_MLP,no_bio,E,0.425,0.34916654026601673
early_MLP,no_bio,F,0.25,0.26673180263800683
early_MLP,no_bio,G,0.69375,0.4141791044776119
early_MLP,no_bio,H,0.7625,0.7539836721478296
early_MLP,no_bio,I,0.35625,0.3629616643291258
early_MLP,no_bio,J,0.175,0.17897707231040563
early_MLP,no_bio,K,0.55,0.27037037037037037
early_MLP,no_bio,L,0.2625,0.4158415841584158
early_MLP,no_bio,M,0.3625,0.3566375364128173
early_MLP,no_bio,N,0.275,0.27853828423496296
early_MLP,no_bio,O,0.3125,0.2835227450612066
early_MLP,no_bio,P,0.38125,0.34614046531854753
early_MLP,no_bio,Q,0.6875,0.6250342167475426
early_MLP,no_bio,R,0.44375,0.2049062049062049
early_MLP,no_bio,S,0.325,0.2609142775383185
early_MLP,no_face,A,0.61875,0.6014814814814815
early_MLP,no_face,B,0.53125,0.36928651059085843
early_MLP,no_face,C,0.275,0.2731829573934837
early_MLP,no_face,D,0.60625,0.44087824351297406
early_MLP,no_face,E,0.65,0.6410026784436402
early_MLP,no_face,F,0.6375,0.3923076923076923
early_MLP,no_face,G,0.5875,0.6278735632183908
early_MLP,no_face,H,0.46875,0.3656150648080215
early_MLP,no_face,I,0.5,0.3758893280632411
early_MLP,no_face,J,0.36875,0.26077195683199433
early_MLP,no_face,K,0.54375,0.24396385419839575
early_MLP,no_face,L,0.6125,0.7596899224806202
early_MLP,no_face,M,0.41875,0.4150831883670101
early_MLP,no_face,N,0.35,0.29024892382556616
early_MLP,no_face,O,0.25625,0.22386831275720165
early_MLP,no_face,P,0.48125,0.3155822018456474
early_MLP,no_face,Q,0.5625,0.37840548760758436
early_MLP,no_face,R,0.2625,0.2732239890655732
early_MLP,no_face,S,0.325,0.24679506681332053
early_MLP,no_veh,A,0.70625,0.7367117117117117
early_MLP,no_veh,B,0.45,0.31731835034208616
early_MLP,no_veh,C,0.2125,0.20075757575757575
early_MLP,no_veh,D,0.46875,0.2679811001574987
early_MLP,no_veh,E,0.40625,0.3712689254104114
early_MLP,no_veh,F,0.2375,0.23976801988400992
early_MLP,no_veh,G,0.49375,0.5732801595214357
early_MLP,no_veh,H,0.65625,0.5132587382936816
early_MLP,no_veh,I,0.3375,0.3358395989974937
early_MLP,no_veh,J,0.275,0.19999917300352713
early_MLP,no_veh,K,0.55,0.23655913978494625
early_MLP,no_veh,L,0.6625,0.7969924812030075
early_MLP,no_veh,M,0.225,0.19975395806589644
early_MLP,no_veh,N,0.1375,0.13341192651537478
early_MLP,no_veh,O,0.23125,0.22461814914645103
early_MLP,no_veh,P,0.45625,0.4049954560673459
early_MLP,no_veh,Q,0.3625,0.2954144620811287
early_MLP,no_veh,R,0.45,0.20689655172413793
early_MLP,no_veh,S,0.3125,0.1940379403794038
early_fusion_RF,all,A,0.63125,0.5274092615769712
early_fusion_RF,all,B,0.58125,0.4252173913043478
early_fusion_RF,all,C,0.45,0.4
early_fusion_RF,all,D,0.64375,0.48325041459369816
early_fusion_RF,all,E,0.34375,0.2612921669525443
early_fusion_RF,all,F,0.0,0.0
early_fusion_RF,all,G,0.64375,0.6779850746268656
early_fusion_RF,all,H,0.69375,0.551365551967599
early_fusion_RF,all,I,0.5,0.3333333333333333
early_fusion_RF,all,J,0.55,0.43091199072060316
early_fusion_RF,all,K,0.55625,0.2477732793522267
early_fusion_RF,all,L,0.625,0.7692307692307693
early_fusion_RF,all,M,0.4125,0.40655443789033674
early_fusion_RF,all,N,0.11875,0.11871138570167696
early_fusion_RF,all,O,0.19375,0.16332067281606077
early_fusion_RF,all,P,0.65625,0.6154763542956745
early_fusion_RF,all,Q,0.38125,0.3137254901960784
early_fusion_RF,all,R,0.46875,0.2819548872180451
early_fusion_RF,all,S,0.41875,0.35466402193346136
early_fusion_RF,conflict,A,0.5985915492957746,0.43140147523709166
early_fusion_RF,conflict,B,0.5801526717557252,0.38139534883720927
early_fusion_RF,conflict,C,0.4430379746835443,0.39632653061224493
early_fusion_RF,conflict,D,0.6496815286624203,0.4889995848899959
early_fusion_RF,conflict,E,0.2971014492753623,0.2445969538257781
early_fusion_RF,conflict,F,0.0,0.0
early_fusion_RF,conflict,G,0.6428571428571429,0.6699802594472646
early_fusion_RF,conflict,H,0.5950413223140496,0.5142783967217314
early_fusion_RF,conflict,I,0.5135135135135135,0.3392857142857143
early_fusion_RF,conflict,J,0.5569620253164557,0.43414275202354674
early_fusion_RF,conflict,K,0.5534591194968553,0.24699110413396128
early_fusion_RF,conflict,L,0.6756756756756757,0.8064516129032258
early_fusion_RF,conflict,M,0.4230769230769231,0.41636467671180616
early_fusion_RF,conflict,N,0.13445378151260504,0.11827956989247311
early_fusion_RF,conflict,O,0.1476510067114094,0.13274853801169592
early_fusion_RF,conflict,P,0.6444444444444445,0.6205316484517304
early_fusion_RF,conflict,Q,0.37681159420289856,0.29717132754741243
early_fusion_RF,conflict,R,0.4645161290322581,0.28051948051948056
early_fusion_RF,conflict,S,0.44370860927152317,0.369573244711716
early_fusion_RF,no_bio,A,0.23125,0.3341137584354772
early_fusion_RF,no_bio,B,0.325,0.30303030303030304
early_fusion_RF,no_bio,C,0.0125,0.015384615384615385
early_fusion_RF,no_bio,D,0.35625,0.193159688412853
early_fusion_RF,no_bio,E,0.41875,0.3257552134762167
early_fusion_RF,no_bio,F,0.1,0.10526315789473684
early_fusion_RF,no_bio,G,0.16875,0.18076923076923077
early_fusion_RF,no_bio,H,0.6,0.5301158880106248
early_fusion_RF,no_bio,I,0.0625,0.10101010101010101
early_fusion_RF,no_bio,J,0.53125,0.3956193514088251
early_fusion_RF,no_bio,K,0.4,0.19047619047619047
early_fusion_RF,no_bio,L,0.0,0.0
early_fusion_RF,no_bio,M,0.4875,0.34631016042780743
early_fusion_RF,no_bio,N,0.35,0.2199581522613874
early_fusion_RF,no_bio,O,0.33125,0.27469135802469136
early_fusion_RF,no_bio,P,0.6625,0.47586742986361386
early_fusion_RF,no_bio,Q,0.35625,0.28274025659646573
early_fusion_RF,no_bio,R,0.45,0.20689655172413793
early_fusion_RF,no_bio,S,0.30625,0.16984661429105874
early_fusion_RF,no_face,A,0.83125,0.8323990805339356
early_fusion_RF,no_face,B,0.675,0.47359617682198324
early_fusion_RF,no_face,C,0.25,0.23809523809523808
early_fusion_RF,no_face,D,0.53125,0.32063409110704644
early_fusion_RF,no_face,E,0.05625,0.03550295857988166
early_fusion_RF,no_face,F,0.0,0.0
early_fusion_RF,no_face,G,0.7375,0.7218082463984103
early_fusion_RF,no_face,H,0.64375,0.5025228126677402
early_fusion_RF,no_face,I,0.5,0.3333333333333333
early_fusion_RF,no_face,J,0.78125,0.5287463629432542
early_fusion_RF,no_face,K,0.55625,0.2649251505934276
early_fusion_RF,no_face,L,0.4125,0.584070796460177
early_fusion_RF,no_face,M,0.225,0.19853709508881923
early_fusion_RF,no_face,N,0.5,0.2763385146804836
early_fusion_RF,no_face,O,0.25,0.13333333333333333
early_fusion_RF,no_face,P,0.4625,0.30060029448408654
early_fusion_RF,no_face,Q,0.36875,0.2986061894637373
early_fusion_RF,no_face,R,0.55,0.42834053307473036
early_fusion_RF,no_face,S,0.30625,0.17565348599831357
early_fusion_RF,no_veh,A,0.60625,0.4793119479311948
early_fusion_RF,no_veh,B,0.55625,0.39936067019400356
early_fusion_RF,no_veh,C,0.4875,0.43333333333333335
early_fusion_RF,no_veh,D,0.61875,0.476796830786644
early_fusion_RF,no_veh,E,0.38125,0.30932311621966796
early_fusion_RF,no_veh,F,0.0,0.0
early_fusion_RF,no_veh,G,0.65625,0.6976190476190476
early_fusion_RF,no_veh,H,0.7,0.5543010169000833
early_fusion_RF,no_veh,I,0.5,0.3333333333333333
early_fusion_RF,no_veh,J,0.55625,0.4357298474945533
early_fusion_RF,no_veh,K,0.5375,0.23306233062330625
early_fusion_RF,no_veh,L,0.625,0.7692307692307693
early_fusion_RF,no_veh,M,0.375,0.3680423280423281
early_fusion_RF,no_veh,N,0.08125,0.08099688473520249
early_fusion_RF,no_veh,O,0.14375,0.12848615827930432
early_fusion_RF,no_veh,P,0.50625,0.48077907539574244
early_fusion_RF,no_veh,Q,0.3875,0.32102143182854537
early_fusion_RF,no_veh,R,0.4625,0.258989702948946
early_fusion_RF,no_veh,S,0.3625,0.2874074074074074
early_paper_RF,all,A,0.73125,0.7094250201198247
early_paper_RF,all,B,0.65625,0.47096595446470774
early_paper_RF,all,C,0.275,0.2838827838827839
early_paper_RF,all,D,0.425,0.3092119679730299
early_paper_RF,all,E,0.4,0.4044486959581299
early_paper_RF,all,F,0.3,0.2838050314465409
early_paper_RF,all,G,0.64375,0.6739766081871346
early_paper_RF,all,H,0.575,0.4280904280904281
early_paper_RF,all,I,0.5,0.3333333333333333
early_paper_RF,all,J,0.61875,0.4403137685804108
early_paper_RF,all,K,0.50625,0.26972591362126247
early_paper_RF,all,L,0.325,0.49056603773584906
early_paper_RF,all,M,0.475,0.4405578743764634
early_paper_RF,all,N,0.36875,0.3016639828234031
early_paper_RF,all,O,0.2875,0.2550750220653133
early_paper_RF,all,P,0.51875,0.39195471195471193
early_paper_RF,all,Q,0.325,0.2773530623486879
early_paper_RF,all,R,0.45625,0.23445887445887445
early_paper_RF,all,S,0.41875,0.31340996168582375
early_paper_RF,conflict,A,0.7253521126760564,0.6944182760244937
early_paper_RF,conflict,B,0.7022900763358778,0.4807500192115577
early_paper_RF,conflict,C,0.27848101265822783,0.287593984962406
early_paper_RF,conflict,D,0.4267515923566879,0.31022962295168904
early_paper_RF,conflict,E,0.391304347826087,0.4053354053354053
early_paper_RF,conflict,F,0.3157894736842105,0.2958226768968457
early_paper_RF,conflict,G,0.6428571428571429,0.6709677419354838
early_paper_RF,conflict,H,0.45454545454545453,0.37174375332270065
early_paper_RF,conflict,I,0.5135135135135135,0.3392857142857143
early_paper_RF,conflict,J,0.6265822784810127,0.44329960704229715
early_paper_RF,conflict,K,0.5031446540880503,0.268733850129199
early_paper_RF,conflict,L,0.35135135135135137,0.52
early_paper_RF,conflict,M,0.48717948717948717,0.45169459061674627
early_paper_RF,conflict,N,0.4117647058823529,0.29154364448482095
early_paper_RF,conflict,O,0.2751677852348993,0.23860558916738692
early_paper_RF,conflict,P,0.48148148148148145,0.3798691528370652
early_paper_RF,conflict,Q,0.3333333333333333,0.27545188729399256
early_paper_RF,conflict,R,0.45161290322580644,0.23294469357249625
early_paper_RF,conflict,S,0.423841059602649,0.31202374623427254
early_paper_RF,no_bio,A,0.35,0.4641599597585513
early_paper_RF,no_bio,B,0.6,0.5612698412698413
early_paper_RF,no_bio,C,0.275,0.2770979020979021
early_paper_RF,no_bio,D,0.34375,0.2361223208680836
early_paper_RF,no_bio,E,0.3625,0.35888855888855886
early_paper_RF,no_bio,F,0.225,0.2346272758502233
early_paper_RF,no_bio,G,0.29375,0.30267615176151763
early_paper_RF,no_bio,H,0.525,0.3846572482118264
early_paper_RF,no_bio,I,0.425,0.34517766497461927
early_paper_RF,no_bio,J,0.5875,0.44330058608394923
early_paper_RF,no_bio,K,0.4875,0.32989920055613486
early_paper_RF,no_bio,L,0.0125,0.024691358024691357
early_paper_RF,no_bio,M,0.4625,0.3526315789473684
early_paper_RF,no_bio,N,0.2625,0.23642141272824846
early_paper_RF,no_bio,O,0.30625,0.25874867444326616
early_paper_RF,no_bio,P,0.56875,0.3880110046590077
early_paper_RF,no_bio,Q,0.29375,0.2898613414077332
early_paper_RF,no_bio,R,0.45,0.20689655172413793
early_paper_RF,no_bio,S,0.34375,0.24936108068638188
early_paper_RF,no_face,A,0.45,0.5264924478542317
early_paper_RF,no_face,B,0.6125,0.43322274264897215
early_paper_RF,no_face,C,0.2125,0.20935960591133004
early_paper_RF,no_face,D,0.51875,0.38023679417122036
early_paper_RF,no_face,E,0.40625,0.4101589993640025
early_paper_RF,no_face,F,0.4125,0.4148001756697409
early_paper_RF,no_face,G,0.5625,0.5901328273244781
early_paper_RF,no_face,H,0.55625,0.4182369504006931
early_paper_RF,no_face,I,0.50625,0.3513287298598033
early_paper_RF,no_face,J,0.65625,0.4647435897435897
early_paper_RF,no_face,K,0.53125,0.23513139695712312
early_paper_RF,no_face,L,0.5625,0.72
early_paper_RF,no_face,M,0.39375,0.384691893846919
early_paper_RF,no_face,N,0.3875,0.32689174624658496
early_paper_RF,no_face,O,0.175,0.16940560869920693
early_paper_RF,no_face,P,0.5,0.37372099076910753
early_paper_RF,no_face,Q,0.5125,0.46331747575063087
early_paper_RF,no_face,R,0.1625,0.1700568077698369
early_paper_RF,no_face,S,0.30625,0.27211327292993276
early_paper_RF,no_veh,A,0.69375,0.6410878387834118
early_paper_RF,no_veh,B,0.73125,0.512668918918919
early_paper_RF,no_veh,C,0.675,0.613237639553429
early_paper_RF,no_veh,D,0.4625,0.3686170460364009
early_paper_RF,no_veh,E,0.3125,0.267478813559322
early_paper_RF,no_veh,F,0.0375,0.07317073170731707
early_paper_RF,no_veh,G,0.5625,0.5961870599176299
early_paper_RF,no_veh,H,0.60625,0.4660500315324785
early_paper_RF,no_veh,I,0.5,0.3333333333333333
early_paper_RF,no_veh,J,0.6125,0.4264765548020634
early_paper_RF,no_veh,K,0.50625,0.28743805214393453
early_paper_RF,no_veh,L,0.4,0.5714285714285714
early_paper_RF,no_veh,M,0.6375,0.5481123603121213
early_paper_RF,no_veh,N,0.26875,0.19797290897035144
early_paper_RF,no_veh,O,0.3125,0.31016159233199425
early_paper_RF,no_veh,P,0.6125,0.46930651581814375
early_paper_RF,no_veh,Q,0.275,0.23655913978494625
early_paper_RF,no_veh,R,0.45,0.20689655172413793
early_paper_RF,no_veh,S,0.38125,0.2589930729659962
early_paper_SVM,all,A,0.49375,0.5789655172413793
early_paper_SVM,all,B,0.68125,0.6206644760861629
early_paper_SVM,all,C,0.175,0.15730337078651685
early_paper_SVM,all,D,0.48125,0.357031317031317
early_paper_SVM,all,E,0.35,0.20675428227058848
early_paper_SVM,all,F,0.85,0.4594594594594595
early_paper_SVM,all,G,0.575,0.6217277486910995
early_paper_SVM,all,H,0.65,0.4923747276688453
early_paper_SVM,all,I,0.575,0.5402298850574713
early_paper_SVM,all,J,0.6125,0.45726236254469405
early_paper_SVM,all,K,0.5125,0.2513536516904801
early_paper_SVM,all,L,0.025,0.04878048780487805
early_paper_SVM,all,M,0.525,0.4223623579318248
early_paper_SVM,all,N,0.3375,0.3043932579164963
early_paper_SVM,all,O,0.34375,0.24505564429207735
early_paper_SVM,all,P,0.6125,0.48086899142175527
early_paper_SVM,all,Q,0.5,0.42505254308533
early_paper_SVM,all,R,0.45,0.20689655172413793
early_paper_SVM,all,S,0.5375,0.4029245596543702
early_paper_SVM,conflict,A,0.47183098591549294,0.5721102863202545
early_paper_SVM,conflict,B,0.6946564885496184,0.5925647166153495
early_paper_SVM,conflict,C,0.17721518987341772,0.1590909090909091
early_paper_SVM,conflict,D,0.4840764331210191,0.359425926926332
early_paper_SVM,conflict,E,0.30434782608695654,0.19034457342915054
early_paper_SVM,conflict,F,0.8421052631578947,0.45714285714285713
early_paper_SVM,conflict,G,0.577922077922078,0.6210847975553858
early_paper_SVM,conflict,H,0.5371900826446281,0.44699453551912577
early_paper_SVM,conflict,I,0.5945945945945946,0.5626477541371158
early_paper_SVM,conflict,J,0.620253164556962,0.4605513064011088
early_paper_SVM,conflict,K,0.5094339622641509,0.25042468080442765
early_paper_SVM,conflict,L,0.02702702702702703,0.05263157894736842
early_paper_SVM,conflict,M,0.532051282051282,0.43026267110617833
early_paper_SVM,conflict,N,0.36134453781512604,0.2935396153808397
early_paper_SVM,conflict,O,0.3624161073825503,0.24851508671893563
early_paper_SVM,conflict,P,0.5925925925925926,0.4827392117530418
early_paper_SVM,conflict,Q,0.5072463768115942,0.4263552960800667
early_paper_SVM,conflict,R,0.44516129032258067,0.20535714285714288
early_paper_SVM,conflict,S,0.543046357615894,0.40981240981240985
early_paper_SVM,no_bio,A,0.4375,0.4697986577181208
early_paper_SVM,no_bio,B,0.3875,0.33108866442199775
early_paper_SVM,no_bio,C,0.1875,0.20436507936507936
early_paper_SVM,no_bio,D,0.28125,0.15622617653074505
early_paper_SVM,no_bio,E,0.3625,0.2101139601139601
early_paper_SVM,no_bio,F,0.875,0.4666666666666667
early_paper_SVM,no_bio,G,0.1375,0.14995796553173601
early_paper_SVM,no_bio,H,0.65625,0.5974842767295597
early_paper_SVM,no_bio,I,0.23125,0.34846461949265684
early_paper_SVM,no_bio,J,0.44375,0.3225619894455288
early_paper_SVM,no_bio,K,0.4,0.19571865443425077
early_paper_SVM,no_bio,L,0.0,0.0
early_paper_SVM,no_bio,M,0.575,0.4262023217247098
early_paper_SVM,no_bio,N,0.20625,0.21053125209352178
early_paper_SVM,no_bio,O,0.19375,0.1690689960109207
early_paper_SVM,no_bio,P,0.54375,0.3240717352866886
early_paper_SVM,no_bio,Q,0.4,0.39676836611802485
early_paper_SVM,no_bio,R,0.45,0.20689655172413793
early_paper_SVM,no_bio,S,0.6,0.4540846750149076
early_paper_SVM,no_face,A,0.63125,0.7562777777777778
early_paper_SVM,no_face,B,0.5375,0.37489514222527265
early_paper_SVM,no_face,C,0.175,0.14893617021276595
early_paper_SVM,no_face,D,0.6125,0.46258503401360546
early_paper_SVM,no_face,E,0.6125,0.5211469534050179
early_paper_SVM,no_face,F,0.875,0.4666666666666667
early_paper_SVM,no_face,G,0.54375,0.5596301020408163
early_paper_SVM,no_face,H,0.6625,0.5076604554865424
early_paper_SVM,no_face,I,0.64375,0.5960132890365448
early_paper_SVM,no_face,J,0.66875,0.47978781197072823
early_paper_SVM,no_face,K,0.55,0.23655913978494625
early_paper_SVM,no_face,L,0.3125,0.47619047619047616
early_paper_SVM,no_face,M,0.5375,0.477917803795916
early_paper_SVM,no_face,N,0.375,0.31485551485551483
early_paper_SVM,no_face,O,0.11875,0.09834590770614815
early_paper_SVM,no_face,P,0.56875,0.43807826160767344
early_paper_SVM,no_face,Q,0.50625,0.24113664113664113
early_paper_SVM,no_face,R,0.11875,0.1298094373865699
early_paper_SVM,no_face,S,0.425,0.3155818540433925
early_paper_SVM,no_veh,A,0.725,0.8169014084507042
early_paper_SVM,no_veh,B,0.65625,0.48730086018221613
early_paper_SVM,no_veh,C,0.2125,0.19120879120879122
early_paper_SVM,no_veh,D,0.63125,0.4790458100176258
early_paper_SVM,no_veh,E,0.325,0.18609234234234232
early_paper_SVM,no_veh,F,0.7625,0.4326241134751773
early_paper_SVM,no_veh,G,0.66875,0.7014470677837015
early_paper_SVM,no_veh,H,0.65625,0.5021240150736553
early_paper_SVM,no_veh,I,0.475,0.4607607125662012
early_paper_SVM,no_veh,J,0.53125,0.41992151685187223
early_paper_SVM,no_veh,K,0.45,0.2698883063596991
early_paper_SVM,no_veh,L,0.125,0.2222222222222222
early_paper_SVM,no_veh,M,0.625,0.504239442274938
early_paper_SVM,no_veh,N,0.39375,0.2963573107006545
early_paper_SVM,no_veh,O,0.1625,0.1411209115687462
early_paper_SVM,no_veh,P,0.525,0.43177795329809426
early_paper_SVM,no_veh,Q,0.35625,0.2921861281826163
early_paper_SVM,no_veh,R,0.45,0.20689655172413793
early_paper_SVM,no_veh,S,0.30625,0.16281982465557346
late_hard_voting,all,A,0.625,0.6902841781874041
late_hard_voting,all,B,0.58125,0.569251615593079
late_hard_voting,all,C,0.325,0.2858851674641148
late_hard_voting,all,D,0.38125,0.2764954082898982
late_hard_voting,all,E,0.55,0.5235655823891118
late_hard_voting,all,F,0.1125,0.22181818181818183
late_hard_voting,all,G,0.5375,0.5208922543563543
late_hard_voting,all,H,0.575,0.44765378491822255
late_hard_voting,all,I,0.425,0.358298659269533
late_hard_voting,all,J,0.55,0.5365783094847135
late_hard_voting,all,K,0.4375,0.2841290322580645
late_hard_voting,all,L,0.15,0.2608695652173913
late_hard_voting,all,M,0.36875,0.34085587167778947
late_hard_voting,all,N,0.2625,0.23559408465068843
late_hard_voting,all,O,0.24375,0.21195652173913046
late_hard_voting,all,P,0.55625,0.4332456140350877
late_hard_voting,all,Q,0.3625,0.3087508934442634
late_hard_voting,all,R,0.5,0.44815644186218534
late_hard_voting,all,S,0.30625,0.29415733865122073
late_hard_voting,conflict,A,0.6408450704225352,0.7184218701460081
late_hard_voting,conflict,B,0.5343511450381679,0.5172568080047052
late_hard_voting,conflict,C,0.31645569620253167,0.28079178885630496
late_hard_voting,conflict,D,0.3821656050955414,0.2773892773892774
late_hard_voting,conflict,E,0.5217391304347826,0.5142583559732027
late_hard_voting,conflict,F,0.11842105263157894,0.22407170294494239
late_hard_voting,conflict,G,0.5324675324675324,0.5082706766917293
late_hard_voting,conflict,H,0.4462809917355372,0.3763947358440474
late_hard_voting,conflict,I,0.43243243243243246,0.3684210526315789
late_hard_voting,conflict,J,0.5506329113924051,0.5419680944795101
late_hard_voting,conflict,K,0.4339622641509434,0.28249275362318843
late_hard_voting,conflict,L,0.16216216216216217,0.27906976744186046
late_hard_voting,conflict,M,0.3782051282051282,0.3478725204077317
late_hard_voting,conflict,N,0.2857142857142857,0.23632819422293108
late_hard_voting,conflict,O,0.2483221476510067,0.21026231152813432
late_hard_voting,conflict,P,0.5185185185185185,0.4206403199538211
late_hard_voting,conflict,Q,0.3695652173913043,0.3092984387102034
late_hard_voting,conflict,R,0.4967741935483871,0.4473566695476808
late_hard_voting,conflict,S,0.32450331125827814,0.30322913033193405
late_hard_voting,no_bio,A,0.51875,0.6099067599067599
late_hard_voting,no_bio,B,0.35,0.32163396144682693
late_hard_voting,no_bio,C,0.325,0.26804123711340205
late_hard_voting,no_bio,D,0.2,0.13145948034386168
late_hard_voting,no_bio,E,0.6125,0.6020492760327106
late_hard_voting,no_bio,F,0.2625,0.28853439680957127
late_hard_voting,no_bio,G,0.25,0.2576221602596334
late_hard_voting,no_bio,H,0.575,0.504763897023959
late_hard_voting,no_bio,I,0.375,0.4642341785198928
late_hard_voting,no_bio,J,0.53125,0.5034734866127507
late_hard_voting,no_bio,K,0.425,0.2594905994145181
late_hard_voting,no_bio,L,0.0,0.0
late_hard_voting,no_bio,M,0.425,0.3271577006871124
late_hard_voting,no_bio,N,0.1375,0.11920892151888658
late_hard_voting,no_bio,O,0.325,0.25392172827443954
late_hard_voting,no_bio,P,0.5625,0.4166083830458334
late_hard_voting,no_bio,Q,0.50625,0.513030148185999
late_hard_voting,no_bio,R,0.46875,0.2778494623655914
late_hard_voting,no_bio,S,0.3375,0.31209043843452444
late_hard_voting,no_face,A,0.66875,0.628775209050664
late_hard_voting,no_face,B,0.70625,0.7151542649727767
late_hard_voting,no_face,C,0.25,0.26282051282051283
late_hard_voting,no_face,D,0.38125,0.2699324324324324
late_hard_voting,no_face,E,0.625,0.5450509950248756
late_hard_voting,no_face,F,0.075,0.07692307692307693
late_hard_voting,no_face,G,0.69375,0.6599703117268678
late_hard_voting,no_face,H,0.525,0.42070413436692505
late_hard_voting,no_face,I,0.5,0.3333333333333333
late_hard_voting,no_face,J,0.5125,0.4787000439174352
late_hard_voting,no_face,K,0.55625,0.2566351913899888
late_hard_voting,no_face,L,0.475,0.6440677966101694
late_hard_voting,no_face,M,0.35,0.3554399975237565
late_hard_voting,no_face,N,0.41875,0.3455634901091685
late_hard_voting,no_face,O,0.13125,0.1409605274881939
late_hard_voting,no_face,P,0.56875,0.411104982533554
late_hard_voting,no_face,Q,0.3125,0.28338025059336536
late_hard_voting,no_face,R,0.33125,0.3401814360565926
late_hard_voting,no_face,S,0.28125,0.2833933739506726
late_hard_voting,no_veh,A,0.71875,0.7052574963022724
late_hard_voting,no_veh,B,0.6875,0.6611690375000384
late_hard_voting,no_veh,C,0.4,0.406524926686217
late_hard_voting,no_veh,D,0.58125,0.4411794508055527
late_hard_voting,no_veh,E,0.39375,0.32198250149135016
late_hard_voting,no_veh,F,0.0375,0.04
late_hard_voting,no_veh,G,0.69375,0.7072604474461799
late_hard_voting,no_veh,H,0.55625,0.44210328638497653
late_hard_voting,no_veh,I,0.5,0.3333333333333333
late_hard_voting,no_veh,J,0.475,0.40952380952380957
late_hard_voting,no_veh,K,0.55,0.2905982905982906
late_hard_voting,no_veh,L,0.35,0.5185185185185185
late_hard_voting,no_veh,M,0.46875,0.4722509391498939
late_hard_voting,no_veh,N,0.2125,0.19766420793818051
late_hard_voting,no_veh,O,0.13125,0.1369047619047619
late_hard_voting,no_veh,P,0.59375,0.4495278380735052
late_hard_voting,no_veh,Q,0.35625,0.28274025659646573
late_hard_voting,no_veh,R,0.45,0.20689655172413793
late_hard_voting,no_veh,S,0.2625,0.27077601410934743
late_meta,all,A,0.55625,0.5816816001448095
late_meta,all,B,0.6625,0.6030386124194754
late_meta,all,C,0.0375,0.05770470664087685
late_meta,all,D,0.21875,0.20182931058399223
late_meta,all,E,0.15625,0.15670203175924
late_meta,all,F,0.225,0.1978021978021978
late_meta,all,G,0.6125,0.5757351124289597
late_meta,all,H,0.39375,0.2660228270412643
late_meta,all,I,0.35,0.36301514320664785
late_meta,all,J,0.3875,0.3977097535491696
late_meta,all,K,0.4875,0.31101124915557904
late_meta,all,L,0.0625,0.11764705882352941
late_meta,all,M,0.49375,0.48573224387177877
late_meta,all,N,0.225,0.22876491186142442
late_meta,all,O,0.25625,0.25666666666666665
late_meta,all,P,0.425,0.30634581105169345
late_meta,all,Q,0.21875,0.2501340104387078
late_meta,all,R,0.45625,0.23445887445887445
late_meta,all,S,0.6125,0.4850467635207571
late_meta,conflict,A,0.5563380281690141,0.5661350844277674
late_meta,conflict,B,0.648854961832061,0.5131502108559004
late_meta,conflict,C,0.0379746835443038,0.05793780687397709
late_meta,conflict,D,0.21656050955414013,0.19886665192392747
late_meta,conflict,E,0.15217391304347827,0.15364017947604575
late_meta,conflict,F,0.2236842105263158,0.19767441860465115
late_meta,conflict,G,0.6168831168831169,0.5556680161943319
late_meta,conflict,H,0.2892561983471074,0.21989188310368654
late_meta,conflict,I,0.35135135135135137,0.3663145365273025
late_meta,conflict,J,0.3860759493670886,0.3981568422882977
late_meta,conflict,K,0.48427672955974843,0.30965099715099714
late_meta,conflict,L,0.06756756756756757,0.12658227848101267
late_meta,conflict,M,0.5,0.4923230508136169
late_meta,conflict,N,0.20168067226890757,0.212379433432065
late_meta,conflict,O,0.2080536912751678,0.21196610289685494
late_meta,conflict,P,0.37037037037037035,0.2805935863406927
late_meta,conflict,Q,0.18115942028985507,0.21685340802987862
late_meta,conflict,R,0.45161290322580644,0.23294469357249625
late_meta,conflict,S,0.6158940397350994,0.48809523809523814
late_meta,no_bio,A,0.45,0.3103448275862069
late_meta,no_bio,B,0.4875,0.38936578048170684
late_meta,no_bio,C,0.0125,0.045454545454545456
late_meta,no_bio,D,0.34375,0.20334168755221385
late_meta,no_bio,E,0.4,0.19047619047619047
late_meta,no_bio,F,0.5625,0.371900826446281
late_meta,no_bio,G,0.25,0.2
late_meta,no_bio,H,0.4,0.19047619047619047
late_meta,no_bio,I,0.49375,0.3305439330543933
late_meta,no_bio,J,0.65625,0.42792641013545385
late_meta,no_bio,K,0.4,0.19047619047619047
late_meta,no_bio,L,0.0,0.0
late_meta,no_bio,M,0.35625,0.18277583094403738
late_meta,no_bio,N,0.49375,0.2972129319955407
late_meta,no_bio,O,0.25,0.13333333333333333
late_meta,no_bio,P,0.5,0.2222222222222222
late_meta,no_bio,Q,0.35,0.1794871794871795
late_meta,no_bio,R,0.45,0.20689655172413793
late_meta,no_bio,S,0.30625,0.16281982465557346
late_meta,no_face,A,0.43125,0.32689196061208453
late_meta,no_face,B,0.4,0.20121122234581634
late_meta,no_face,C,0.2875,0.26136363636363635
late_meta,no_face,D,0.44375,0.2049062049062049
late_meta,no_face,E,0.19375,0.14680134680134682
late_meta,no_face,F,0.0,0.0
late_meta,no_face,G,0.25625,0.2092694879355455
late_meta,no_face,H,0.41875,0.23549666891234375
late_meta,no_face,I,0.5,0.3389830508474576
late_meta,no_face,J,0.65,0.2943832020997375
late_meta,no_face,K,0.3875,0.19209486166007905
late_meta,no_face,L,0.0,0.0
late_meta,no_face,M,0.34375,0.215
late_meta,no_face,N,0.64375,0.42884160756501183
late_meta,no_face,O,0.25,0.13333333333333333
late_meta,no_face,P,0.4875,0.2184873949579832
late_meta,no_face,Q,0.3125,0.23684966944524288
late_meta,no_face,R,0.45,0.20689655172413793
late_meta,no_face,S,0.3,0.1568627450980392
late_meta,no_veh,A,0.48125,0.49348277293482773
late_meta,no_veh,B,0.75,0.667215634606939
late_meta,no_veh,C,0.0125,0.029411764705882353
late_meta,no_veh,D,0.4375,0.2539086929330832
late_meta,no_veh,E,0.1125,0.0853909465020576
late_meta,no_veh,F,0.0,0.0
late_meta,no_veh,G,0.39375,0.3907242183104252
late_meta,no_veh,H,0.40625,0.24165679304897314
late_meta,no_veh,I,0.5,0.3333333333333333
late_meta,no_veh,J,0.66875,0.4667121813968884
late_meta,no_veh,K,0.46875,0.28534621578099834
late_meta,no_veh,L,0.0625,0.11764705882352941
late_meta,no_veh,M,0.35625,0.1953216374269006
late_meta,no_veh,N,0.54375,0.44333333333333336
late_meta,no_veh,O,0.25,0.1340033500837521
late_meta,no_veh,P,0.5375,0.3314625288874216
late_meta,no_veh,Q,0.35625,0.2787618536410807
late_meta,no_veh,R,0.45,0.20689655172413793
late_meta,no_veh,S,0.3375,0.20651162790697675
late_meta_dropout,all,A,0.49375,0.5100840336134453
late_meta_dropout,all,B,0.66875,0.5992500110521951
late_meta_dropout,all,C,0.0375,0.061224489795918366
late_meta_dropout,all,D,0.20625,0.1898742852322929
late_meta_dropout,all,E,0.14375,0.1438015648387302
late_meta_dropout,all,F,0.175,0.16091954022988506
late_meta_dropout,all,G,0.58125,0.571875
late_meta_dropout,all,H,0.375,0.2573895229733685
late_meta_dropout,all,I,0.34375,0.3497340965371656
late_meta_dropout,all,J,0.38125,0.38929285197941915
late_meta_dropout,all,K,0.53125,0.33402973324855423
late_meta_dropout,all,L,0.125,0.2222222222222222
late_meta_dropout,all,M,0.50625,0.4832453605745532
late_meta_dropout,all,N,0.16875,0.1614857325043839
late_meta_dropout,all,O,0.19375,0.1971854936186445
late_meta_dropout,all,P,0.3625,0.27298676947371986
late_meta_dropout,all,Q,0.2875,0.2978578892371996
late_meta_dropout,all,R,0.45625,0.23445887445887445
late_meta_dropout,all,S,0.58125,0.4508268979865299
late_meta_dropout,conflict,A,0.5422535211267606,0.5579297245963912
late_meta_dropout,conflict,B,0.6564885496183206,0.5072031039136302
late_meta_dropout,conflict,C,0.0379746835443038,0.061224489795918366
late_meta_dropout,conflict,D,0.20382165605095542,0.1866740094958961
late_meta_dropout,conflict,E,0.14492753623188406,0.1471813257527543
late_meta_dropout,conflict,F,0.18421052631578946,0.1686746987951807
late_meta_dropout,conflict,G,0.5844155844155844,0.5581574884199691
late_meta_dropout,conflict,H,0.2809917355371901,0.21449275362318843
late_meta_dropout,conflict,I,0.35135135135135137,0.3585426179604262
late_meta_dropout,conflict,J,0.379746835443038,0.3893406697145015
late_meta_dropout,conflict,K,0.5283018867924528,0.33287461773700305
late_meta_dropout,conflict,L,0.13513513513513514,0.23809523809523808
late_meta_dropout,conflict,M,0.5128205128205128,0.489679402722881
late_meta_dropout,conflict,N,0.14285714285714285,0.14777873111206444
late_meta_dropout,conflict,O,0.18791946308724833,0.18675619463040352
late_meta_dropout,conflict,P,0.2962962962962963,0.23923289644548892
late_meta_dropout,conflict,Q,0.2463768115942029,0.2640650406504065
late_meta_dropout,conflict,R,0.45161290322580644,0.23294469357249625
late_meta_dropout,conflict,S,0.5761589403973509,0.4519678032601222
late_meta_dropout,no_bio,A,0.40625,0.4889315068493151
late_meta_dropout,no_bio,B,0.55,0.5212739399359118
late_meta_dropout,no_bio,C,0.0875,0.16596638655462184
late_meta_dropout,no_bio,D,0.1625,0.14309659614785422
late_meta_dropout,no_bio,E,0.44375,0.44526264113892977
late_meta_dropout,no_bio,F,0.425,0.38095238095238093
late_meta_dropout,no_bio,G,0.25,0.2684770571524869
late_meta_dropout,no_bio,H,0.61875,0.564774122377809
late_meta_dropout,no_bio,I,0.30625,0.34570135746606334
late_meta_dropout,no_bio,J,0.28125,0.24080656185919347
late_meta_dropout,no_bio,K,0.375,0.23579520505839993
late_meta_dropout,no_bio,L,0.0875,0.16091954022988506
late_meta_dropout,no_bio,M,0.54375,0.4535228632556116
late_meta_dropout,no_bio,N,0.14375,0.13217211044032348
late_meta_dropout,no_bio,O,0.33125,0.31391812865497076
late_meta_dropout,no_bio,P,0.5125,0.3741821242296357
late_meta_dropout,no_bio,Q,0.8,0.6895362720523831
late_meta_dropout,no_bio,R,0.4875,0.37149689143950265
late_meta_dropout,no_bio,S,0.45,0.3694915254237288
late_meta_dropout,no_face,A,0.58125,0.5756613756613757
late_meta_dropout,no_face,B,0.63125,0.539177797683096
late_meta_dropout,no_face,C,0.0875,0.11082283172720533
late_meta_dropout,no_face,D,0.425,0.3451465201465201
late_meta_dropout,no_face,E,0.14375,0.11611499611499611
late_meta_dropout,no_face,F,0.1,0.09876543209876543
late_meta_dropout,no_face,G,0.5,0.590902937593069
late_meta_dropout,no_face,H,0.26875,0.19232456140350876
late_meta_dropout,no_face,I,0.6,0.6031834019638898
late_meta_dropout,no_face,J,0.5125,0.49157883028015587
late_meta_dropout,no_face,K,0.48125,0.29113459913593825
late_meta_dropout,no_face,L,0.3875,0.5585585585585585
late_meta_dropout,no_face,M,0.31875,0.332901534428252
late_meta_dropout,no_face,N,0.3625,0.3070180878552971
late_meta_dropout,no_face,O,0.075,0.08440286707280857
late_meta_dropout,no_face,P,0.3875,0.26210200803460487
late_meta_dropout,no_face,Q,0.15,0.17985277922680112
late_meta_dropout,no_face,R,0.56875,0.40270554242185447
late_meta_dropout,no_face,S,0.35625,0.24989256553502362
late_meta_dropout,no_veh,A,0.44375,0.4584670947030498
late_meta_dropout,no_veh,B,0.63125,0.561669958396669
late_meta_dropout,no_veh,C,0.025,0.046511627906976744
late_meta_dropout,no_veh,D,0.2375,0.2233230686838934
late_meta_dropout,no_veh,E,0.08125,0.08498206901142424
late_meta_dropout,no_veh,F,0.1125,0.10975609756097561
late_meta_dropout,no_veh,G,0.4125,0.4479464557347125
late_meta_dropout,no_veh,H,0.3125,0.25688522983436246
late_meta_dropout,no_veh,I,0.25,0.24608150470219436
late_meta_dropout,no_veh,J,0.3875,0.3684149555446146
late_meta_dropout,no_veh,K,0.58125,0.3537144702842377
late_meta_dropout,no_veh,L,0.1,0.18181818181818182
late_meta_dropout,no_veh,M,0.4625,0.44514619883040935
late_meta_dropout,no_veh,N,0.3375,0.3219841644089552
late_meta_dropout,no_veh,O,0.21875,0.20241371402362116
late_meta_dropout,no_veh,P,0.5,0.513257321708026
late_meta_dropout,no_veh,Q,0.2875,0.29097173283219796
late_meta_dropout,no_veh,R,0.45,0.20689655172413793
late_meta_dropout,no_veh,S,0.73125,0.5347401176642194
late_meta_reliability,all,A,0.59375,0.6273544423867383
late_meta_reliability,all,B,0.61875,0.5443630101325644
late_meta_reliability,all,C,0.0375,0.061224489795918366
late_meta_reliability,all,D,0.20625,0.1666690742747081
late_meta_reliability,all,E,0.11875,0.12645682982190665
late_meta_reliability,all,F,0.175,0.16091954022988506
late_meta_reliability,all,G,0.625,0.6244689889549703
late_meta_reliability,all,H,0.4,0.26841402742385634
late_meta_reliability,all,I,0.1875,0.19943070628002135
late_meta_reliability,all,J,0.4125,0.3569954762549774
late_meta_reliability,all,K,0.53125,0.3212321232123212
late_meta_reliability,all,L,0.1125,0.20224719101123595
late_meta_reliability,all,M,0.48125,0.4737475847777996
late_meta_reliability,all,N,0.1375,0.11595655806182122
late_meta_reliability,all,O,0.2125,0.22090263827507703
late_meta_reliability,all,P,0.4,0.348410044062218
late_meta_reliability,all,Q,0.35,0.3316651947797076
late_meta_reliability,all,R,0.45625,0.23445887445887445
late_meta_reliability,all,S,0.45,0.36495815496162604
late_meta_reliability,conflict,A,0.647887323943662,0.684450005687635
late_meta_reliability,conflict,B,0.6030534351145038,0.4497584351993182
late_meta_reliability,conflict,C,0.0379746835443038,0.061224489795918366
late_meta_reliability,conflict,D,0.20382165605095542,0.16
late_meta_reliability,conflict,E,0.11594202898550725,0.12595811051693406
late_meta_reliability,conflict,F,0.18421052631578946,0.1686746987951807
late_meta_reliability,conflict,G,0.6298701298701299,0.6166666666666667
late_meta_reliability,conflict,H,0.2975206611570248,0.23043478260869565
late_meta_reliability,conflict,I,0.1891891891891892,0.1997716894977169
late_meta_reliability,conflict,J,0.41139240506329117,0.3558158818311543
late_meta_reliability,conflict,K,0.5283018867924528,0.32016374714394513
late_meta_reliability,conflict,L,0.12162162162162163,0.21686746987951808
late_meta_reliability,conflict,M,0.48717948717948717,0.47983841392889987
late_meta_reliability,conflict,N,0.10084033613445378,0.0829064919594997
late_meta_reliability,conflict,O,0.21476510067114093,0.22383070368462943
late_meta_reliability,conflict,P,0.37777777777777777,0.3492960426179604
late_meta_reliability,conflict,Q,0.30434782608695654,0.29625843385810674
late_meta_reliability,conflict,R,0.45161290322580644,0.23294469357249625
late_meta_reliability,conflict,S,0.4503311258278146,0.3679045092838196
late_meta_reliability,no_bio,A,0.48125,0.5352712992672765
late_meta_reliability,no_bio,B,0.48125,0.4515042902139676
late_meta_reliability,no_bio,C,0.1125,0.19746376811594202
late_meta_reliability,no_bio,D,0.10625,0.08081129871508973
late_meta_reliability,no_bio,E,0.525,0.5139932799789925
late_meta_reliability,no_bio,F,0.4,0.2962962962962963
late_meta_reliability,no_bio,G,0.21875,0.23039699782737508
late_meta_reliability,no_bio,H,0.6125,0.5728885771438963
late_meta_reliability,no_bio,I,0.16875,0.1916285501542389
late_meta_reliability,no_bio,J,0.35625,0.3492570206284131
late_meta_reliability,no_bio,K,0.4,0.26690650563193286
late_meta_reliability,no_bio,L,0.075,0.13953488372093023
late_meta_reliability,no_bio,M,0.5625,0.5007024486207583
late_meta_reliability,no_bio,N,0.15,0.13867329355302696
late_meta_reliability,no_bio,O,0.2875,0.240128353067964
late_meta_reliability,no_bio,P,0.50625,0.40745583766178733
late_meta_reliability,no_bio,Q,0.75625,0.6091935039911919
late_meta_reliability,no_bio,R,0.41875,0.3256113256113256
late_meta_reliability,no_bio,S,0.30625,0.29048786181139125
late_meta_reliability,no_face,A,0.625,0.653034238488784
late_meta_reliability,no_face,B,0.5875,0.4917852901506236
late_meta_reliability,no_face,C,0.1,0.125
late_meta_reliability,no_face,D,0.4,0.3038538970376761
late_meta_reliability,no_face,E,0.125,0.10231990231990233
late_meta_reliability,no_face,F,0.0875,0.0875
late_meta_reliability,no_face,G,0.6375,0.672979797979798
late_meta_reliability,no_face,H,0.36875,0.2340210355987055
late_meta_reliability,no_face,I,0.25625,0.25754997031466453
late_meta_reliability,no_face,J,0.56875,0.46110910894877577
late_meta_reliability,no_face,K,0.53125,0.3035334184759472
late_meta_reliability,no_face,L,0.225,0.3673469387755102
late_meta_reliability,no_face,M,0.29375,0.2985857904968117
late_meta_reliability,no_face,N,0.325,0.28402777777777777
late_meta_reliability,no_face,O,0.1,0.10757575757575759
late_meta_reliability,no_face,P,0.35625,0.24063449113700372
late_meta_reliability,no_face,Q,0.14375,0.16596736596736597
late_meta_reliability,no_face,R,0.50625,0.43699592134768017
late_meta_reliability,no_face,S,0.275,0.20771864301276066
late_meta_reliability,no_veh,A,0.51875,0.5293566813372039
late_meta_reliability,no_veh,B,0.6,0.5505003126954348
late_meta_reliability,no_veh,C,0.025,0.045454545454545456
late_meta_reliability,no_veh,D,0.28125,0.25980615833261855
late_meta_reliability,no_veh,E,0.1,0.10535073045611686
late_meta_reliability,no_veh,F,0.175,0.1590909090909091
late_meta_reliability,no_veh,G,0.44375,0.4672043010752688
late_meta_reliability,no_veh,H,0.3625,0.2640113798008535
late_meta_reliability,no_veh,I,0.23125,0.24397630019749836
late_meta_reliability,no_veh,J,0.39375,0.3805943342598373
late_meta_reliability,no_veh,K,0.55625,0.32018961430726134
late_meta_reliability,no_veh,L,0.15,0.2608695652173913
late_meta_reliability,no_veh,M,0.45,0.4314258801365831
late_meta_reliability,no_veh,N,0.33125,0.3213157786801198
late_meta_reliability,no_veh,O,0.24375,0.2272405108832524
late_meta_reliability,no_veh,P,0.4875,0.5036202060849948
late_meta_reliability,no_veh,Q,0.2625,0.2666022699830959
late_meta_reliability,no_veh,R,0.45,0.20689655172413793
late_meta_reliability,no_veh,S,0.6625,0.4908394287704632
late_meta_zero_dropout,all,A,0.50625,0.5253529242293287
late_meta_zero_dropout,all,B,0.675,0.584395680947405
late_meta_zero_dropout,all,C,0.05,0.08356643356643356
late_meta_zero_dropout,all,D,0.19375,0.1704779189352692
late_meta_zero_dropout,all,E,0.15,0.15068542568542567
late_meta_zero_dropout,all,F,0.2375,0.20652173913043478
late_meta_zero_dropout,all,G,0.49375,0.4989982728842832
late_meta_zero_dropout,all,H,0.3875,0.2767557727316279
late_meta_zero_dropout,all,I,0.3375,0.3508771929824561
late_meta_zero_dropout,all,J,0.425,0.42955841477867596
late_meta_zero_dropout,all,K,0.5375,0.35065553199775
late_meta_zero_dropout,all,L,0.075,0.13953488372093023
late_meta_zero_dropout,all,M,0.475,0.4614818540874879
late_meta_zero_dropout,all,N,0.3125,0.29737665265401075
late_meta_zero_dropout,all,O,0.2625,0.2742371126797173
late_meta_zero_dropout,all,P,0.425,0.34358974358974353
late_meta_zero_dropout,all,Q,0.2125,0.24350787569178375
late_meta_zero_dropout,all,R,0.4625,0.2599777034559643
late_meta_zero_dropout,all,S,0.54375,0.43283582089552236
late_meta_zero_dropout,conflict,A,0.5492957746478874,0.5670509708737864
late_meta_zero_dropout,conflict,B,0.6717557251908397,0.4906973102363144
late_meta_zero_dropout,conflict,C,0.05063291139240506,0.08380681818181818
late_meta_zero_dropout,conflict,D,0.1910828025477707,0.16592624367438796
late_meta_zero_dropout,conflict,E,0.15217391304347827,0.1543503691561944
late_meta_zero_dropout,conflict,F,0.23684210526315788,0.20689655172413793
late_meta_zero_dropout,conflict,G,0.4935064935064935,0.4849321371060501
late_meta_zero_dropout,conflict,H,0.2975206611570248,0.23010752688172045
late_meta_zero_dropout,conflict,I,0.33783783783783783,0.3521462639109698
late_meta_zero_dropout,conflict,J,0.4240506329113924,0.43019607843137253
late_meta_zero_dropout,conflict,K,0.5345911949685535,0.34938125847216756
late_meta_zero_dropout,conflict,L,0.08108108108108109,0.15
late_meta_zero_dropout,conflict,M,0.48717948717948717,0.472662376901674
late_meta_zero_dropout,conflict,N,0.2773109243697479,0.27706241815800964
late_meta_zero_dropout,conflict,O,0.2348993288590604,0.24815223955341492
late_meta_zero_dropout,conflict,P,0.3851851851851852,0.326097886200188
late_meta_zero_dropout,conflict,Q,0.17391304347826086,0.21067515022976316
late_meta_zero_dropout,conflict,R,0.45806451612903226,0.25848925848925847
late_meta_zero_dropout,conflict,S,0.543046357615894,0.4305970149253731
late_meta_zero_dropout,no_bio,A,0.39375,0.4571354571354571
late_meta_zero_dropout,no_bio,B,0.4875,0.47131995020064005
late_meta_zero_dropout,no_bio,C,0.0625,0.11144278606965174
late_meta_zero_dropout,no_bio,D,0.1625,0.14570763564052155
late_meta_zero_dropout,no_bio,E,0.4875,0.4764082213213854
late_meta_zero_dropout,no_bio,F,0.5125,0.4446428571428571
late_meta_zero_dropout,no_bio,G,0.25625,0.26999389499389503
late_meta_zero_dropout,no_bio,H,0.66875,0.6213224978649239
late_meta_zero_dropout,no_bio,I,0.30625,0.36281179138321995
late_meta_zero_dropout,no_bio,J,0.3,0.27985569985569986
late_meta_zero_dropout,no_bio,K,0.39375,0.2498367222536683
late_meta_zero_dropout,no_bio,L,0.025,0.04878048780487805
late_meta_zero_dropout,no_bio,M,0.51875,0.424060937094285
late_meta_zero_dropout,no_bio,N,0.11875,0.10153529597974043
late_meta_zero_dropout,no_bio,O,0.2875,0.2913908428976922
late_meta_zero_dropout,no_bio,P,0.4875,0.3189564821143769
late_meta_zero_dropout,no_bio,Q,0.625,0.4645597296760087
late_meta_zero_dropout,no_bio,R,0.2875,0.2306157550739594
late_meta_zero_dropout,no_bio,S,0.44375,0.36155981639723106
late_meta_zero_dropout,no_face,A,0.56875,0.5591476141934857
late_meta_zero_dropout,no_face,B,0.65,0.5144826625818131
late_meta_zero_dropout,no_face,C,0.05,0.081132797550708
late_meta_zero_dropout,no_face,D,0.50625,0.3939293164434501
late_meta_zero_dropout,no_face,E,0.1125,0.09227074779146448
late_meta_zero_dropout,no_face,F,0.1125,0.10975609756097561
late_meta_zero_dropout,no_face,G,0.49375,0.6079638752052545
late_meta_zero_dropout,no_face,H,0.24375,0.146771805794737
late_meta_zero_dropout,no_face,I,0.53125,0.5361124382863514
late_meta_zero_dropout,no_face,J,0.41875,0.4062057731848647
late_meta_zero_dropout,no_face,K,0.53125,0.3009026735014411
late_meta_zero_dropout,no_face,L,0.4375,0.6086956521739131
late_meta_zero_dropout,no_face,M,0.225,0.23518497171951055
late_meta_zero_dropout,no_face,N,0.31875,0.2873909486010605
late_meta_zero_dropout,no_face,O,0.1875,0.18004032458309746
late_meta_zero_dropout,no_face,P,0.425,0.2642888931273444
late_meta_zero_dropout,no_face,Q,0.1625,0.1965541490857947
late_meta_zero_dropout,no_face,R,0.575,0.45279212645540284
late_meta_zero_dropout,no_face,S,0.325,0.2294882790165809
late_meta_zero_dropout,no_veh,A,0.4125,0.41777552056881667
late_meta_zero_dropout,no_veh,B,0.64375,0.5714619634509138
late_meta_zero_dropout,no_veh,C,0.05,0.07921440261865793
late_meta_zero_dropout,no_veh,D,0.26875,0.2603723560455419
late_meta_zero_dropout,no_veh,E,0.0625,0.06704876365533842
late_meta_zero_dropout,no_veh,F,0.1,0.09876543209876543
late_meta_zero_dropout,no_veh,G,0.39375,0.42523247046996737
late_meta_zero_dropout,no_veh,H,0.30625,0.24156052782558804
late_meta_zero_dropout,no_veh,I,0.25,0.2391304347826087
late_meta_zero_dropout,no_veh,J,0.44375,0.4263347049879315
late_meta_zero_dropout,no_veh,K,0.60625,0.38435702783528863
late_meta_zero_dropout,no_veh,L,0.05,0.09523809523809523
late_meta_zero_dropout,no_veh,M,0.46875,0.44809968046609616
late_meta_zero_dropout,no_veh,N,0.29375,0.28598398343534
late_meta_zero_dropout,no_veh,O,0.225,0.21579630417763485
late_meta_zero_dropout,no_veh,P,0.575,0.5891145065779022
late_meta_zero_dropout,no_veh,Q,0.24375,0.2532498796340876
late_meta_zero_dropout,no_veh,R,0.45625,0.23445887445887445
late_meta_zero_dropout,no_veh,S,0.71875,0.5293477521594232
late_soft_voting,all,A,0.75625,0.7608649384923168
late_soft_voting,all,B,0.75625,0.7851878856300617
late_soft_voting,all,C,0.425,0.3996027805362463
late_soft_voting,all,D,0.40625,0.27932850883670557
late_soft_voting,all,E,0.58125,0.5345350349724802
late_soft_voting,all,F,0.0625,0.06493506493506493
late_soft_voting,all,G,0.6625,0.6298302636330806
late_soft_voting,all,H,0.6,0.45414655550680116
late_soft_voting,all,I,0.50625,0.347073712485149
late_soft_voting,all,J,0.5375,0.5229179022282471
late_soft_voting,all,K,0.5,0.26438628314762025
late_soft_voting,all,L,0.175,0.2978723404255319
late_soft_voting,all,M,0.425,0.4047244064961995
late_soft_voting,all,N,0.25625,0.22984126984126985
late_soft_voting,all,O,0.225,0.20522161505768063
late_soft_voting,all,P,0.6,0.4474403031104062
late_soft_voting,all,Q,0.36875,0.30697089266312116
late_soft_voting,all,R,0.5375,0.45089809037625256
late_soft_voting,all,S,0.35,0.3376570859773547
late_soft_voting,conflict,A,0.7887323943661971,0.7984848484848486
late_soft_voting,conflict,B,0.7480916030534351,0.7499321713585375
late_soft_voting,conflict,C,0.4177215189873418,0.3954148914587138
late_soft_voting,conflict,D,0.40764331210191085,0.27903134197346
late_soft_voting,conflict,E,0.5579710144927537,0.5314600405322055
late_soft_voting,conflict,F,0.06578947368421052,0.0684931506849315
late_soft_voting,conflict,G,0.6623376623376623,0.6187813454776042
late_soft_voting,conflict,H,0.4793388429752066,0.38763273372860346
late_soft_voting,conflict,I,0.5202702702702703,0.35450580502487866
late_soft_voting,conflict,J,0.5379746835443038,0.5277415930911372
late_soft_voting,conflict,K,0.4968553459119497,0.26335511982570803
late_soft_voting,conflict,L,0.1891891891891892,0.3181818181818182
late_soft_voting,conflict,M,0.4358974358974359,0.41364302637771333
late_soft_voting,conflict,N,0.2773109243697479,0.2301102450670599
late_soft_voting,conflict,O,0.22818791946308725,0.2024068435551689
late_soft_voting,conflict,P,0.5703703703703704,0.4394262683736368
late_soft_voting,conflict,Q,0.37681159420289856,0.3074074074074074
late_soft_voting,conflict,R,0.535483870967742,0.44986449864498645
late_soft_voting,conflict,S,0.3708609271523179,0.35019521008880466
late_soft_voting,no_bio,A,0.51875,0.6099067599067599
late_soft_voting,no_bio,B,0.35,0.32163396144682693
late_soft_voting,no_bio,C,0.325,0.26804123711340205
late_soft_voting,no_bio,D,0.2,0.13145948034386168
late_soft_voting,no_bio,E,0.6125,0.6020492760327106
late_soft_voting,no_bio,F,0.2625,0.28853439680957127
late_soft_voting,no_bio,G,0.25,0.2576221602596334
late_soft_voting,no_bio,H,0.575,0.504763897023959
late_soft_voting,no_bio,I,0.375,0.4642341785198928
late_soft_voting,no_bio,J,0.53125,0.5034734866127507
late_soft_voting,no_bio,K,0.425,0.2594905994145181
late_soft_voting,no_bio,L,0.0,0.0
late_soft_voting,no_bio,M,0.425,0.3271577006871124
late_soft_voting,no_bio,N,0.1375,0.11920892151888658
late_soft_voting,no_bio,O,0.325,0.25392172827443954
late_soft_voting,no_bio,P,0.5625,0.4166083830458334
late_soft_voting,no_bio,Q,0.50625,0.513030148185999
late_soft_voting,no_bio,R,0.46875,0.2778494623655914
late_soft_voting,no_bio,S,0.3375,0.31209043843452444
late_soft_voting,no_face,A,0.66875,0.628775209050664
late_soft_voting,no_face,B,0.70625,0.7151542649727767
late_soft_voting,no_face,C,0.25,0.26282051282051283
late_soft_voting,no_face,D,0.38125,0.2699324324324324
late_soft_voting,no_face,E,0.625,0.5450509950248756
late_soft_voting,no_face,F,0.075,0.07692307692307693
late_soft_voting,no_face,G,0.69375,0.6599703117268678
late_soft_voting,no_face,H,0.525,0.42070413436692505
late_soft_voting,no_face,I,0.5,0.3333333333333333
late_soft_voting,no_face,J,0.5125,0.4787000439174352
late_soft_voting,no_face,K,0.55625,0.2566351913899888
late_soft_voting,no_face,L,0.475,0.6440677966101694
late_soft_voting,no_face,M,0.35,0.3554399975237565
late_soft_voting,no_face,N,0.41875,0.3455634901091685
late_soft_voting,no_face,O,0.13125,0.1409605274881939
late_soft_voting,no_face,P,0.56875,0.411104982533554
late_soft_voting,no_face,Q,0.3125,0.28338025059336536
late_soft_voting,no_face,R,0.33125,0.3401814360565926
late_soft_voting,no_face,S,0.28125,0.2833933739506726
late_soft_voting,no_veh,A,0.71875,0.7052574963022724
late_soft_voting,no_veh,B,0.6875,0.6611690375000384
late_soft_voting,no_veh,C,0.4,0.406524926686217
late_soft_voting,no_veh,D,0.58125,0.4411794508055527
late_soft_voting,no_veh,E,0.39375,0.32198250149135016
late_soft_voting,no_veh,F,0.0375,0.04
late_soft_voting,no_veh,G,0.69375,0.7072604474461799
late_soft_voting,no_veh,H,0.55625,0.44210328638497653
late_soft_voting,no_veh,I,0.5,0.3333333333333333
late_soft_voting,no_veh,J,0.475,0.40952380952380957
late_soft_voting,no_veh,K,0.55,0.2905982905982906
late_soft_voting,no_veh,L,0.35,0.5185185185185185
late_soft_voting,no_veh,M,0.46875,0.4722509391498939
late_soft_voting,no_veh,N,0.2125,0.19766420793818051
late_soft_voting,no_veh,O,0.13125,0.1369047619047619
late_soft_voting,no_veh,P,0.59375,0.4495278380735052
late_soft_voting,no_veh,Q,0.35625,0.28274025659646573
late_soft_voting,no_veh,R,0.45,0.20689655172413793
late_soft_voting,no_veh,S,0.2625,0.27077601410934743
late_stacking_LR,all,A,0.71875,0.7381548364026462
late_stacking_LR,all,B,0.625,0.44341290893015034
late_stacking_LR,all,C,0.45,0.4583976668382227
late_stacking_LR,all,D,0.19375,0.1726334285086756
late_stacking_LR,all,E,0.26875,0.26641547129800824
late_stacking_LR,all,F,0.675,0.40298507462686567
late_stacking_LR,all,G,0.2625,0.35576036866359445
late_stacking_LR,all,H,0.5875,0.4870594308122431
late_stacking_LR,all,I,0.35,0.3463230672532998
late_stacking_LR,all,J,0.30625,0.27334356291190826
late_stacking_LR,all,K,0.5,0.2792593968136065
late_stacking_LR,all,L,0.2,0.3333333333333333
late_stacking_LR,all,M,0.4,0.4004453993485952
late_stacking_LR,all,N,0.11875,0.08647455318349422
late_stacking_LR,all,O,0.4125,0.3310007999663172
late_stacking_LR,all,P,0.6125,0.5390649747517097
late_stacking_LR,all,Q,0.15,0.19892374487861553
late_stacking_LR,all,R,0.45,0.20869565217391306
late_stacking_LR,all,S,0.6625,0.538453330591785
late_stacking_LR,conflict,A,0.7183098591549296,0.7115129873869723
late_stacking_LR,conflict,B,0.6335877862595419,0.4224974200206398
late_stacking_LR,conflict,C,0.4430379746835443,0.4528533801580334
late_stacking_LR,conflict,D,0.19745222929936307,0.1769585253456221
late_stacking_LR,conflict,E,0.26811594202898553,0.25760233918128655
late_stacking_LR,conflict,F,0.7105263157894737,0.4153846153846154
late_stacking_LR,conflict,G,0.2532467532467532,0.3242481203007519
late_stacking_LR,conflict,H,0.47107438016528924,0.42892710323663946
late_stacking_LR,conflict,I,0.35135135135135137,0.34945054945054943
late_stacking_LR,conflict,J,0.2974683544303797,0.2652718685350716
late_stacking_LR,conflict,K,0.5031446540880503,0.2826682316118936
late_stacking_LR,conflict,L,0.21621621621621623,0.35555555555555557
late_stacking_LR,conflict,M,0.41025641025641024,0.4111133415437367
late_stacking_LR,conflict,N,0.08403361344537816,0.062139776327340746
late_stacking_LR,conflict,O,0.37583892617449666,0.27159992784992787
late_stacking_LR,conflict,P,0.5851851851851851,0.5347203043971892
late_stacking_LR,conflict,Q,0.12318840579710146,0.1695226183031061
late_stacking_LR,conflict,R,0.44516129032258067,0.2072072072072072
late_stacking_LR,conflict,S,0.6423841059602649,0.5304800913487845
late_stacking_LR,no_bio,A,0.45,0.3103448275862069
late_stacking_LR,no_bio,B,0.4,0.19047619047619047
late_stacking_LR,no_bio,C,0.0,0.0
late_stacking_LR,no_bio,D,0.45,0.20689655172413793
late_stacking_LR,no_bio,E,0.4,0.19047619047619047
late_stacking_LR,no_bio,F,0.0,0.0
late_stacking_LR,no_bio,G,0.25,0.2
late_stacking_LR,no_bio,H,0.4,0.19047619047619047
late_stacking_LR,no_bio,I,0.5,0.3333333333333333
late_stacking_LR,no_bio,J,0.65,0.2626262626262626
late_stacking_LR,no_bio,K,0.4,0.19047619047619047
late_stacking_LR,no_bio,L,0.0,0.0
late_stacking_LR,no_bio,M,0.35,0.1728395061728395
late_stacking_LR,no_bio,N,0.5,0.2222222222222222
late_stacking_LR,no_bio,O,0.25,0.13333333333333333
late_stacking_LR,no_bio,P,0.5,0.2222222222222222
late_stacking_LR,no_bio,Q,0.35,0.1728395061728395
late_stacking_LR,no_bio,R,0.45,0.20689655172413793
late_stacking_LR,no_bio,S,0.3,0.15384615384615385
late_stacking_LR,no_face,A,0.5125,0.43874797625472206
late_stacking_LR,no_face,B,0.4875,0.3270497388144447
late_stacking_LR,no_face,C,0.0,0.0
late_stacking_LR,no_face,D,0.45625,0.21692462788353198
late_stacking_LR,no_face,E,0.28125,0.15542814073057148
late_stacking_LR,no_face,F,0.0,0.0
late_stacking_LR,no_face,G,0.63125,0.6247863587582972
late_stacking_LR,no_face,H,0.4,0.19047619047619047
late_stacking_LR,no_face,I,0.5,0.3333333333333333
late_stacking_LR,no_face,J,0.78125,0.5196884233145312
late_stacking_LR,no_face,K,0.40625,0.2764790764790765
late_stacking_LR,no_face,L,0.1125,0.20224719101123595
late_stacking_LR,no_face,M,0.35,0.31457431457431456
late_stacking_LR,no_face,N,0.5,0.2222222222222222
late_stacking_LR,no_face,O,0.25,0.13333333333333333
late_stacking_LR,no_face,P,0.5,0.2222222222222222
late_stacking_LR,no_face,Q,0.35,0.2574712643678161
late_stacking_LR,no_face,R,0.45,0.20689655172413793
late_stacking_LR,no_face,S,0.3,0.15458937198067632
late_stacking_LR,no_veh,A,0.51875,0.47295423023578365
late_stacking_LR,no_veh,B,0.51875,0.36266806355858217
late_stacking_LR,no_veh,C,0.0,0.0
late_stacking_LR,no_veh,D,0.44375,0.2049062049062049
late_stacking_LR,no_veh,E,0.25625,0.13598673300165837
late_stacking_LR,no_veh,F,0.0,0.0
late_stacking_LR,no_veh,G,0.2625,0.21841364464315283
late_stacking_LR,no_veh,H,0.4,0.1921921921921922
late_stacking_LR,no_veh,I,0.5,0.3333333333333333
late_stacking_LR,no_veh,J,0.75625,0.5060429766312119
late_stacking_LR,no_veh,K,0.4125,0.20990305159737133
late_stacking_LR,no_veh,L,0.05,0.09523809523809523
late_stacking_LR,no_veh,M,0.35,0.17445482866043613
late_stacking_LR,no_veh,N,0.225,0.14300798035604664
late_stacking_LR,no_veh,O,0.25,0.13333333333333333
late_stacking_LR,no_veh,P,0.5125,0.26330532212885155
late_stacking_LR,no_veh,Q,0.35,0.23779193205944796
late_stacking_LR,no_veh,R,0.45,0.20689655172413793
late_stacking_LR,no_veh,S,0.3,0.15384615384615385
unimodal_bio,all,A,0.5921052631578947,0.40961337513061646
unimodal_bio,all,B,0.68125,0.6386668430703922
unimodal_bio,all,C,0.2375,0.23513957307060757
unimodal_bio,all,D,0.66875,0.49044465468306525
unimodal_bio,all,E,0.48125,0.4184411731142303
unimodal_bio,all,F,0.05,0.05263157894736842
unimodal_bio,all,G,0.75,0.7333333333333334
unimodal_bio,all,H,0.4625,0.4002867570385818
unimodal_bio,all,I,0.5,0.3333333333333333
unimodal_bio,all,J,0.3375,0.3378126887680773
unimodal_bio,all,K,0.56875,0.2693065285815819
unimodal_bio,all,L,0.5875,0.7401574803149606
unimodal_bio,all,M,0.325,0.3306960845554427
unimodal_bio,all,N,0.4088050314465409,0.34293111914646673
unimodal_bio,all,O,0.0375,0.03911454975284762
unimodal_bio,all,P,0.5875,0.4492168960607499
unimodal_bio,all,Q,0.2875,0.2507435369480668
unimodal_bio,all,R,0.525,0.5355912743972445
unimodal_bio,all,S,0.2375,0.21172589593642224
unimodal_bio,conflict,A,0.5704225352112676,0.37327188940092165
unimodal_bio,conflict,B,0.6564885496183206,0.43228213946001315
unimodal_bio,conflict,C,0.22784810126582278,0.22295469912102772
unimodal_bio,conflict,D,0.6751592356687898,0.49610568865227256
unimodal_bio,conflict,E,0.4420289855072464,0.40382824292642194
unimodal_bio,conflict,F,0.05263157894736842,0.05555555555555555
unimodal_bio,conflict,G,0.7532467532467533,0.7334183673469388
unimodal_bio,conflict,H,0.2975206611570248,0.255050505050505
unimodal_bio,conflict,I,0.5135135135135135,0.3392857142857143
unimodal_bio,conflict,J,0.33544303797468356,0.3357675798692133
unimodal_bio,conflict,K,0.5660377358490566,0.2685338738406732
unimodal_bio,conflict,L,0.6351351351351351,0.7768595041322314
unimodal_bio,conflict,M,0.3333333333333333,0.33868849617296237
unimodal_bio,conflict,N,0.4789915966386555,0.3507805325987144
unimodal_bio,conflict,O,0.026845637583892617,0.03092948717948718
unimodal_bio,conflict,P,0.5555555555555556,0.439607201309329
unimodal_bio,conflict,Q,0.2826086956521739,0.24112006137322595
unimodal_bio,conflict,R,0.5225806451612903,0.5345395345395345
unimodal_bio,conflict,S,0.25165562913907286,0.23427395649617874
unimodal_face,all,A,0.5131578947368421,0.5817307692307692
unimodal_face,all,B,0.3,0.2849786218789124
unimodal_face,all,C,0.3875,0.28703703703703703
unimodal_face,all,D,0.3018867924528302,0.21825238853503184
unimodal_face,all,E,0.32653061224489793,0.27037037037037037
unimodal_face,all,F,0.125,0.13722222222222222
unimodal_face,all,G,0.175,0.19181681681681684
unimodal_face,all,H,0.63125,0.5957197959437601
unimodal_face,all,I,0.1375,0.21409005307310391
unimodal_face,all,J,0.48125,0.3363389399456678
unimodal_face,all,K,0.3875,0.19841395438800094
unimodal_face,all,L,0.0,0.0
unimodal_face,all,M,0.40625,0.29836829836829837
unimodal_face,all,N,0.3018867924528302,0.2700658355511976
unimodal_face,all,O,0.3597122302158273,0.3133333333333333
unimodal_face,all,P,0.3875,0.37205423340756444
unimodal_face,all,Q,0.3710691823899371,0.3110092521857228
unimodal_face,all,R,0.45,0.20689655172413793
unimodal_face,all,S,0.29559748427672955,0.24671916010498687
unimodal_face,conflict,A,0.4859154929577465,0.5287365613127475
unimodal_face,conflict,B,0.19083969465648856,0.21206349206349207
unimodal_face,conflict,C,0.379746835443038,0.2830188679245283
unimodal_face,conflict,D,0.30128205128205127,0.21879863056333645
unimodal_face,conflict,E,0.26356589147286824,0.21839080459770113
unimodal_face,conflict,F,0.13157894736842105,0.13947574334898277
unimodal_face,conflict,G,0.15584415584415584,0.17116013071895425
unimodal_face,conflict,H,0.5206611570247934,0.501433160365703
unimodal_face,conflict,I,0.12162162162162163,0.19661710838181426
unimodal_face,conflict,J,0.4810126582278481,0.3354848216917183
unimodal_face,conflict,K,0.3836477987421384,0.19092331768388107
unimodal_face,conflict,L,0.0,0.0
unimodal_face,conflict,M,0.4166666666666667,0.3046873511989791
unimodal_face,conflict,N,0.33613445378151263,0.2777777777777778
unimodal_face,conflict,O,0.35294117647058826,0.3063811654415681
unimodal_face,conflict,P,0.31851851851851853,0.30648148148148147
unimodal_face,conflict,Q,0.3795620437956204,0.311846901408053
unimodal_face,conflict,R,0.44516129032258067,0.20535714285714288
unimodal_face,conflict,S,0.31333333333333335,0.24671916010498687
unimodal_veh,all,A,0.45985401459854014,0.6065801668211306
unimodal_veh,all,B,0.49375,0.47398848123485804
unimodal_veh,all,C,0.275,0.2391304347826087
unimodal_veh,all,D,0.1625,0.11234855387938307
unimodal_veh,all,E,0.7125,0.6836401509247145
unimodal_veh,all,F,0.3875,0.4294871794871795
unimodal_veh,all,G,0.4875,0.43285436473638716
unimodal_veh,all,H,0.55625,0.4366170710708526
unimodal_veh,all,I,0.5,0.5670007994588279
unimodal_veh,all,J,0.3860759493670886,0.3155121203410942
unimodal_veh,all,K,0.3227848101265823,0.23368292434578963
unimodal_veh,all,L,0.1625,0.27956989247311825
unimodal_veh,all,M,0.38125,0.371996505024028
unimodal_veh,all,N,0.3032258064516129,0.27962463811520416
unimodal_veh,all,O,0.2625,0.1916014960897654
unimodal_veh,all,P,0.48125,0.3198434031038713
unimodal_veh,all,Q,0.61875,0.5483198387149222
unimodal_veh,all,R,0.16774193548387098,0.14216806296014217
unimodal_veh,all,S,0.3125,0.31151433691756275
unimodal_veh,conflict,A,0.45,0.6254564423578508
unimodal_veh,conflict,B,0.42748091603053434,0.41538335764413287
unimodal_veh,conflict,C,0.26582278481012656,0.23333333333333334
unimodal_veh,conflict,D,0.1592356687898089,0.10855425945563803
unimodal_veh,conflict,E,0.7101449275362319,0.679625730994152
unimodal_veh,conflict,F,0.40789473684210525,0.44035674470457076
unimodal_veh,conflict,G,0.4805194805194805,0.4074074074074074
unimodal_veh,conflict,H,0.4214876033057851,0.36140810514924054
unimodal_veh,conflict,I,0.5135135135135135,0.5974045235446793
unimodal_veh,conflict,J,0.38461538461538464,0.3149154436036768
unimodal_veh,conflict,K,0.3184713375796178,0.2312609547376018
unimodal_veh,conflict,L,0.17567567567567569,0.2988505747126437
unimodal_veh,conflict,M,0.391025641025641,0.38212239446026225
unimodal_veh,conflict,N,0.34210526315789475,0.2868079289131921
unimodal_veh,conflict,O,0.2684563758389262,0.17977448907681468
unimodal_veh,conflict,P,0.42962962962962964,0.29627644199185393
unimodal_veh,conflict,Q,0.6666666666666666,0.5477285034878047
unimodal_veh,conflict,R,0.16883116883116883,0.14256410256410257
unimodal_veh,conflict,S,0.33112582781456956,0.32694364813930027
