method,related_work,description,family,accuracy,precision_macro,recall_macro,macro_F1,F1_CI95_low,F1_CI95_high,recall_High,kappa_quadratic,balanced_acc,subj_F1_mean,subj_F1_std,F1_no_bio,F1_no_veh,F1_no_face,F1_missing_mean,retention_%,F1_conflict,ms_per_window,model_KB,vs_proposed_wins/ties/losses,vs_proposed_p
early_paper_SVM,Bodaghi et al. [1],"Πρώιμη σύντηξη, MinMax + PCA, SVM (όπως στο άρθρο)",Πρώιμη σύντηξη,0.5007142857142857,0.5060027345169248,0.49785575736662696,0.4900601726399601,0.41986089253262393,0.5441478183446946,0.6382575757575758,0.27553530619077427,0.49785575736662696,0.38312953643994124,0.15913335812530768,0.35499054560980864,0.46207456983766687,0.49960625528698027,0.43889045691148526,89.55848310365175,0.48701340009251853,0.6208237500303719,504.953125,6/0/13,0.015972137451171875
late_soft_voting,Das et al. [2],"Όψιμη σύντηξη, μέσος όρος πιθανοτήτων",Όψιμη σύντηξη,0.48,0.440521844260058,0.4494544304326913,0.43678353013872523,0.3628886221565712,0.5064923733364305,0.646780303030303,0.12794612794612803,0.4494544304326913,0.4064965754921889,0.17910646425495216,0.3640271459404083,0.42020035728477917,0.42542729714000505,0.4032182667883975,92.31535508226072,0.42746736451440803,,,6/0/13,0.005329132080078125
early_fusion_RF,Bodaghi et al. [1],"Πρώιμη σύντηξη, Random Forest στα ίδια χαρακτηριστικά",Πρώιμη σύντηξη,0.4760714285714286,0.43691968833107026,0.4479761381935295,0.43660275020570033,0.35976360972019245,0.4906381312799582,0.5492424242424242,0.08574462436952479,0.4479761381935295,0.3874829728268575,0.18781302990905074,0.3042835322899557,0.4142069374541735,0.36918257366177576,0.3625576811353017,83.04063154995859,0.42834898370661034,0.47556180916695956,2260.0673828125,8/0/11,0.18186569213867188
early_MLP,Bodaghi et al. [1],Πρώιμη σύντηξη με νευρωνικό δίκτυο (απλοποιημένη εκδοχή),Πρώιμη σύντηξη,0.44857142857142857,0.43617388307910215,0.43630730179643223,0.43617879210205185,0.36946853680374336,0.4895899317212016,0.48863636363636365,0.11987935019589202,0.43630730179643223,0.3894306886046351,0.17659524400699597,0.4156000227928925,0.3773815616205803,0.4601347788118298,0.4177054544084342,95.76473271325501,0.4306253596704772,0.013222927564608031,214.859375,7/0/12,0.060207366943359375
early_paper_RF,Bodaghi et al. [1],"Πρώιμη σύντηξη, MinMax + PCA, Random Forest (όπως στο άρθρο)",Πρώιμη σύντηξη,0.4775,0.43573765705801754,0.4460625928017232,0.43124967290248667,0.38043949002828964,0.47342985677801164,0.6761363636363636,0.18590684066476182,0.4460625928017232,0.38485363332140593,0.12999801875905082,0.34031362526957243,0.4425107108778931,0.4168374795638908,0.3998872719037854,92.72755367265104,0.42736241576491346,0.24609697364595426,507.619140625,5/1/13,0.010843698055191907
unimodal_bio,Kontras et al. [4],Μόνο ο κλάδος βιομετρικών,Ένας κλάδος,0.45037620924399857,0.428107134435026,0.43184423700961627,0.4294647081352059,0.3509915553414422,0.487885402230951,0.4708691499522445,0.004220889875924394,0.43184423700961627,0.3799571934833363,0.1884600645835742,,,,,,0.41699872142249,,,8/0/11,0.168792724609375
late_stacking_LR,Κλασικό stacking,"Όψιμη σύντηξη, γραμμικός meta-classifier",Όψιμη σύντηξη,0.4160714285714286,0.4255488029947023,0.41158609908609906,0.4129605361494861,0.3268404210804007,0.49684852973572474,0.4659090909090909,0.08979352892171222,0.41158609908609906,0.36105984217299913,0.149817708067454,0.18257261410788383,0.22758347345685911,0.27623623975741207,0.22879744244071834,55.40419057328441,0.40224958286661444,,,8/0/11,0.12318801879882812
late_hard_voting,Das et al. [2],"Όψιμη σύντηξη, πλειοψηφία αποφάσεων",Όψιμη σύντηξη,0.4317857142857143,0.3916337845044609,0.40408353723571117,0.39311968735082825,0.33533760213173275,0.44717186264724246,0.6079545454545454,0.13233956844314898,0.40408353723571117,0.38149676343718075,0.1338895187321838,0.3640271459404083,0.42020035728477917,0.42542729714000505,0.4032182667883975,102.56883075625694,0.38015232178530395,,,6/0/13,0.020412445068359375
unimodal_veh,Kontras et al. [4],Μόνο ο κλάδος οχήματος,Ένας κλάδος,0.40137531668476295,0.3920916040118685,0.3921950316392289,0.39211719890457825,0.31387719683385745,0.4672735723718053,0.4936831875607386,0.17385311782282598,0.3921950316392289,0.36713054844639154,0.15536262307676596,,,,,,0.3807597017690099,,,11/0/8,0.3954620361328125
late_meta,Παραλλαγή,Δενδρικός meta-classifier χωρίς modality dropout,Όψιμη σύντηξη,0.38142857142857145,0.38018241900492833,0.36930772528598615,0.3706016933764258,0.28976969613343856,0.4400678125789768,0.4772727272727273,-0.03152625412716992,0.36930772528598615,0.31984467818029705,0.15721381051651925,0.24497207227470386,0.2972950565701643,0.22078964547399507,0.25435225810628775,68.63224390287345,0.3589541956863079,,,8/1/10,0.44598168917699166
late_meta_zero_dropout,Αρχικό σχέδιο,Zero imputation χωρίς δείκτες διαθεσιμότητας,Όψιμη σύντηξη,0.37607142857142856,0.3765066268978014,0.36296910617562794,0.3657549292148921,0.2977463796926876,0.4252494232724732,0.4640151515151515,-0.061186194741360334,0.36296910617562794,0.32002036603390793,0.1371930873161133,0.362886286116699,0.36539270457940765,0.35528331972124866,0.3611874368057851,98.75121507756265,0.3574656752967544,,,6/0/13,0.25792694091796875
late_meta_dropout,Krishna et al. [3],Δενδρικός meta-classifier + modality dropout,Όψιμη σύντηξη,0.36857142857142855,0.3745777919503792,0.3578238388020996,0.36063762240973557,0.28200464833311095,0.4275983610459646,0.45075757575757575,-0.07202855942881126,0.3578238388020996,0.30988128260932113,0.15030036737781172,0.38480587429521446,0.36319699116910337,0.3629957154591293,0.3703328603078157,102.68836008658712,0.35390617802142227,,,6/3/10,0.5694942779917188
late_meta_reliability,Η παρούσα εργασία,Προτεινόμενη: meta-classifier + dropout + αξιοπιστία,ΠΡΟΤΕΙΝΟΜΕΝΗ,0.3625,0.36160324418658835,0.34920308154003804,0.352654461964888,0.2734937052389817,0.41316026124689476,0.4318181818181818,-0.09672549485413007,0.34920308154003804,0.302624997324012,0.16267819039214554,0.37088222733740545,0.36678463062273986,0.3383410088001955,0.35866928892011357,101.70558651710026,0.3462584720467025,1.1035922369429547,7234.7080078125,,
unimodal_face,Kontras et al. [4],Μόνο ο κλάδος προσώπου,Ένας κλάδος,0.34713144517066086,0.3226654950113112,0.33186525218666346,0.3259287294397739,0.27335194877306235,0.38370555940755874,0.5534838076545633,0.17373656204005528,0.33186525218666346,0.28075882284825965,0.1323591674550603,,,,,,0.3067672450529393,,,11/0/8,0.5948867797851562
chance_stratified,Κάτω όριο,Τυχαία πρόβλεψη,Τυχαίο,0.30142857142857143,0.29706784800869984,0.2967831785766568,0.2966717706669068,0.28518887721907177,0.3035670919755313,0.32575757575757575,-0.07456628998885884,0.2967831785766568,0.3072956479088375,0.03979354801057683,0.2966717706669068,0.2966717706669068,0.2966717706669068,0.2966717706669068,100.0,0.2951702236817702,0.011712796051716922,0.4794921875,9/0/10,0.8905677795410156
