method,scenario,n_windows,accuracy,balanced_acc,precision_macro,recall_macro,macro_F1,F1_CI95_low,F1_CI95_high,recall_High,kappa_quadratic,subj_F1_mean,subj_F1_std,subj_acc_mean,subj_acc_std
ablation_bio+face,all,2800,0.3607142857142857,0.34681833866616474,0.36341226847224783,0.34681833866616474,0.3507319664291458,0.27425283630052333,0.42015328872384666,0.4393939393939394,-0.11908090693574858,0.31442994151412795,0.1502285697116696,0.34375,0.17816683488413768
ablation_bio+veh,all,2800,0.37142857142857144,0.35745197837589143,0.36537074541380643,0.35745197837589143,0.3575574633541391,0.28636134568832794,0.42195092379224536,0.4791666666666667,-0.04706154201648327,0.34110031712345157,0.16720315297973012,0.3625,0.15563695525840018
ablation_veh+face,all,2800,0.37107142857142855,0.3750843057908275,0.3628779779388959,0.3750843057908275,0.3628816367175569,0.29307602065825417,0.41773420070437634,0.4715909090909091,0.14961570802661273,0.3225071011135425,0.14456291958608342,0.35592105263157897,0.1606354784137295
chance_stratified,all,2800,0.30142857142857143,0.2967831785766568,0.29706784800869984,0.2967831785766568,0.2966717706669068,0.28518887721907177,0.3035670919755313,0.32575757575757575,-0.07456628998885884,0.3072956479088375,0.03979354801057683,0.2980263157894737,0.025892985071255824
early_MLP,all,2800,0.44857142857142857,0.43630730179643223,0.43617388307910215,0.43630730179643223,0.43617879210205185,0.36946853680374336,0.4895899317212016,0.48863636363636365,0.11987935019589202,0.3894306886046351,0.17659524400699597,0.44506578947368425,0.14307735858676662
early_fusion_RF,all,2800,0.4760714285714286,0.4479761381935295,0.43691968833107026,0.4479761381935295,0.43660275020570033,0.35976360972019245,0.4906381312799582,0.5492424242424242,0.08574462436952479,0.3874829728268575,0.18781302990905074,0.4667763157894736,0.1881791715978915
early_paper_RF,all,2800,0.4775,0.4460625928017232,0.43573765705801754,0.4460625928017232,0.43124967290248667,0.38043949002828964,0.47342985677801164,0.6761363636363636,0.18590684066476182,0.38485363332140593,0.12999801875905082,0.4634868421052631,0.13226057001049626
early_paper_SVM,all,2800,0.5007142857142857,0.49785575736662696,0.5060027345169248,0.49785575736662696,0.4900601726399601,0.41986089253262393,0.5441478183446946,0.6382575757575758,0.27553530619077427,0.38312953643994124,0.15913335812530768,0.4888157894736842,0.18088755670787626
late_hard_voting,all,2800,0.4317857142857143,0.40408353723571117,0.3916337845044609,0.40408353723571117,0.39311968735082825,0.33533760213173275,0.44717186264724246,0.6079545454545454,0.13233956844314898,0.38149676343718075,0.1338895187321838,0.4131578947368421,0.14810889509443442
late_meta,all,2800,0.38142857142857145,0.36930772528598615,0.38018241900492833,0.36930772528598615,0.3706016933764258,0.28976969613343856,0.4400678125789768,0.4772727272727273,-0.03152625412716992,0.31984467818029705,0.15721381051651925,0.3598684210526316,0.18184810333622017
late_meta_dropout,all,2800,0.36857142857142855,0.3578238388020996,0.3745777919503792,0.3578238388020996,0.36063762240973557,0.28200464833311095,0.4275983610459646,0.45075757575757575,-0.07202855942881126,0.30988128260932113,0.15030036737781172,0.34835526315789467,0.17811884921586313
late_meta_reliability,all,2800,0.3625,0.34920308154003804,0.36160324418658835,0.34920308154003804,0.352654461964888,0.2734937052389817,0.41316026124689476,0.4318181818181818,-0.09672549485413007,0.302624997324012,0.16267819039214554,0.3424342105263158,0.18292194988762972
late_meta_zero_dropout,all,2800,0.37607142857142856,0.36296910617562794,0.3765066268978014,0.36296910617562794,0.3657549292148921,0.2977463796926876,0.4252494232724732,0.4640151515151515,-0.061186194741360334,0.32002036603390793,0.1371930873161133,0.355921052631579,0.16772316344735064
late_soft_voting,all,2800,0.48,0.4494544304326913,0.440521844260058,0.4494544304326913,0.43678353013872523,0.3628886221565712,0.5064923733364305,0.646780303030303,0.12794612794612803,0.4064965754921889,0.17910646425495216,0.4595394736842105,0.18466461888554622
late_stacking_LR,all,2800,0.4160714285714286,0.41158609908609906,0.4255488029947023,0.41158609908609906,0.4129605361494861,0.3268404210804007,0.49684852973572474,0.4659090909090909,0.08979352892171222,0.36105984217299913,0.149817708067454,0.41809210526315793,0.18603478753855485
unimodal_bio,all,2791,0.45037620924399857,0.43184423700961627,0.428107134435026,0.43184423700961627,0.4294647081352059,0.3509915553414422,0.487885402230951,0.4708691499522445,0.004220889875924394,0.3799571934833363,0.1884600645835742,0.4382058049791808,0.19826938394168647
unimodal_face,all,2754,0.34713144517066086,0.33186525218666346,0.3226654950113112,0.33186525218666346,0.3259287294397739,0.27335194877306235,0.38370555940755874,0.5534838076545633,0.17373656204005528,0.28075882284825965,0.1323591674550603,0.33361005204052074,0.14424251396222373
unimodal_veh,all,2763,0.40137531668476295,0.3921950316392289,0.3920916040118685,0.3921950316392289,0.39211719890457825,0.31387719683385745,0.4672735723718053,0.4936831875607386,0.17385311782282598,0.36713054844639154,0.15536262307676596,0.39123329031724713,0.15044914066185558
ablation_bio+face,conflict,2540,0.35236220472440943,0.33840516984777785,0.35712684967685293,0.33840516984777785,0.34280384654965274,,,0.42015005359056806,-0.144954391229158,0.3021560626426604,0.1434149769624167,0.33283429793694613,0.18152590872621496
ablation_bio+veh,conflict,2540,0.36811023622047245,0.3543966276040511,0.36280215758476625,0.3543966276040511,0.3543062585918746,,,0.4694533762057878,-0.06081278350221808,0.33600161853709115,0.16544935793651863,0.36006400980189535,0.15671977738232662
ablation_veh+face,conflict,2540,0.35039370078740156,0.35766801657152675,0.34594631209449483,0.35766801657152675,0.3455718952430477,,,0.4330117899249732,0.11175908417117086,0.3073721411979767,0.14600629930927647,0.3382816141715717,0.15997027855191578
chance_stratified,conflict,2540,0.3003937007874016,0.29543119854292826,0.2956575436297337,0.29543119854292826,0.2951702236817702,,,0.33011789924973206,-0.06304988566146297,0.3066606237963757,0.04523778900471252,0.2981090315500151,0.02276077657290895
early_MLP,conflict,2540,0.44448818897637793,0.4308312320884337,0.4305504777335691,0.4308312320884337,0.4306253596704772,,,0.47481243301178994,0.10431865598003331,0.38648361284933275,0.17544176591596658,0.44279507062380696,0.1375447105810499
early_fusion_RF,conflict,2540,0.4700787401574803,0.4400812913265975,0.42889648909677386,0.4400812913265975,0.42834898370661034,,,0.5123258306538049,0.04508758048899031,0.37837043256653047,0.19048554867395795,0.46003876111045167,0.1882561564434764
early_paper_RF,conflict,2540,0.4755905511811024,0.44389822298558185,0.4336589512098237,0.44389822298558185,0.42736241576491346,,,0.6666666666666666,0.1704607142610287,0.3826481029633986,0.13028694756514483,0.46296546138493067,0.13005613412484374
early_paper_SVM,conflict,2540,0.4952755905511811,0.495351216665971,0.5015266637801762,0.495351216665971,0.48701340009251853,,,0.6237942122186495,0.26481332856734985,0.38008396613673684,0.1574527663583373,0.4833953494897611,0.17778311928387663
late_hard_voting,conflict,2540,0.4220472440944882,0.3935016089934444,0.3778732789651193,0.3935016089934444,0.38015232178530395,,,0.5905680600214362,0.1043392483058021,0.3770418141436206,0.13098956387084879,0.4049220419185821,0.13469916160599055
late_meta,conflict,2540,0.36811023622047245,0.3566801483918447,0.3689695521805904,0.3566801483918447,0.3589541956863079,,,0.43729903536977494,-0.07471130577463558,0.30520128521519685,0.15079177397131505,0.3452509640479211,0.18500785357132615
late_meta_dropout,conflict,2540,0.36141732283464567,0.3503468861702474,0.36837612132703795,0.3503468861702474,0.35390617802142227,,,0.4287245444801715,-0.10178104565332391,0.30172713159441894,0.14773512030815536,0.3391400564127014,0.1815526970442709
late_meta_reliability,conflict,2540,0.35669291338582676,0.3422418617499749,0.355624281763163,0.3422418617499749,0.3462584720467025,,,0.4115755627009646,-0.1256393123630044,0.2959350140277945,0.16487421969497001,0.33461263708167727,0.1872747310280476
late_meta_zero_dropout,conflict,2540,0.3669291338582677,0.3541185386760044,0.3695955730313771,0.3541185386760044,0.3574656752967544,,,0.4405144694533762,-0.09123389188944397,0.3099593617424527,0.13466398936889565,0.3463142092823468,0.17224723147536736
late_soft_voting,conflict,2540,0.4751968503937008,0.4429427962287599,0.43188923559293935,0.4429427962287599,0.42746736451440803,,,0.6345123258306538,0.09978684813260441,0.4045299136493276,0.1773554580066483,0.4561493870177911,0.17866043554301198
late_stacking_LR,conflict,2540,0.4035433070866142,0.4020902025889382,0.416114317733012,0.4020902025889382,0.40224958286661444,,,0.40943193997856375,0.04894769340472005,0.34893231384973283,0.1487311562559886,0.40681998704501554,0.18747812234450667
unimodal_bio,conflict,2540,0.4409448818897638,0.4200143344009555,0.4153577176036228,0.4200143344009555,0.41699872142249,,,0.43086816720257237,-0.04252840928260615,0.3612027910163642,0.18445711944225837,0.43037089032415565,0.20068550940854293
unimodal_face,conflict,2515,0.326441351888668,0.3122404221908341,0.3036391092054503,0.3122404221908341,0.3067672450529393,,,0.5179934569247546,0.1428330011545632,0.2608080852064657,0.11556137297349749,0.3146333572384206,0.1367214067525561
unimodal_veh,conflict,2508,0.388755980861244,0.3807118254879449,0.380885346800284,0.3807118254879449,0.3807597017690099,,,0.46153846153846156,0.15032974975155844,0.36190391506727676,0.15699652000048064,0.38487908432540846,0.14492782166822568
chance_stratified,no_bio,2800,0.30142857142857143,0.2967831785766568,0.29706784800869984,0.2967831785766568,0.2966717706669068,,,0.32575757575757575,-0.07456628998885884,0.3072956479088375,0.03979354801057683,0.2980263157894737,0.025892985071255824
early_MLP,no_bio,2800,0.4232142857142857,0.4151837996946693,0.4186731642765533,0.4151837996946693,0.4156000227928925,,,0.4403409090909091,0.1750382965038042,0.3541323246264048,0.14111889541580708,0.41907894736842105,0.1611083333757211
early_fusion_RF,no_bio,2800,0.3482142857142857,0.3317570111048372,0.2985557471516802,0.3317570111048372,0.3042835322899557,,,0.6590909090909091,0.15904223518817018,0.2447898958683335,0.13730422991721122,0.3236842105263158,0.18460015185931453
early_paper_RF,no_bio,2800,0.39535714285714285,0.36511792354183664,0.35414013900840985,0.36511792354183664,0.34031362526957243,,,0.6837121212121212,0.19557766438455682,0.31286840594431803,0.1120255128073431,0.3776315789473685,0.1416728618763797
early_paper_SVM,no_bio,2800,0.39071428571428574,0.39688356128573526,0.343545110980052,0.39688356128573526,0.35499054560980864,,,0.6136363636363636,0.2692803429760896,0.29684582149595856,0.14390306920726573,0.38782894736842105,0.20311587716568763
late_hard_voting,no_bio,2800,0.3939285714285714,0.3758541679737332,0.3601540981720812,0.3758541679737332,0.3640271459404083,,,0.6477272727272727,0.2210763878005203,0.33847769557875124,0.1602751601056771,0.3782894736842105,0.157349662233467
late_meta,no_bio,2800,0.39285714285714285,0.35861330698287214,0.26912037037037034,0.35861330698287214,0.24497207227470386,,,0.9630681818181818,0.07065617392288959,0.22289760297375777,0.10694792418555642,0.37697368421052635,0.16120502013896942
late_meta_dropout,no_bio,2800,0.39785714285714285,0.3960699123742602,0.38787206637854904,0.3960699123742602,0.38480587429521446,,,0.5426136363636364,0.16560810611207943,0.35085669532731617,0.14956472130894388,0.38223684210526315,0.18332257796034757
late_meta_reliability,no_bio,2800,0.37892857142857145,0.3775350555241859,0.3725513741843045,0.3775350555241859,0.37088222733740545,,,0.48295454545454547,0.12108685031380373,0.3335897574743051,0.15548683855402337,0.36447368421052634,0.18662132526675865
late_meta_zero_dropout,no_bio,2800,0.37285714285714283,0.3728629462325115,0.3644664535430904,0.3728629462325115,0.362886286116699,,,0.49242424242424243,0.1314004797583439,0.3227335189947417,0.14879299309592123,0.3592105263157894,0.17737310629451436
late_soft_voting,no_bio,2800,0.3939285714285714,0.3758541679737332,0.3601540981720812,0.3758541679737332,0.3640271459404083,,,0.6477272727272727,0.2210763878005203,0.33847769557875124,0.1602751601056771,0.3782894736842105,0.157349662233467
late_stacking_LR,no_bio,2800,0.37714285714285717,0.3333333333333333,0.12571428571428572,0.3333333333333333,0.18257261410788383,,,1.0,0.0,0.17680553857202375,0.08978035405730433,0.34736842105263155,0.17582413777357966
chance_stratified,no_face,2800,0.30142857142857143,0.2967831785766568,0.29706784800869984,0.2967831785766568,0.2966717706669068,,,0.32575757575757575,-0.07456628998885884,0.3072956479088375,0.03979354801057683,0.2980263157894737,0.025892985071255824
early_MLP,no_face,2800,0.4739285714285714,0.46020374552983245,0.46242871485127174,0.46020374552983245,0.4601347788118298,,,0.5085227272727273,0.11978145722984523,0.3944816012427736,0.15115083171184027,0.4766447368421052,0.13144318654113893
early_fusion_RF,no_face,2800,0.47464285714285714,0.42751009055356876,0.3468241565670643,0.42751009055356876,0.36918257366177576,,,0.7774621212121212,0.04784297333542331,0.34984440492936486,0.2121896382060307,0.4546052631578948,0.2265738278045004
early_paper_RF,no_face,2800,0.4475,0.4227321088734132,0.4147301368885838,0.4227321088734132,0.4168374795638908,,,0.5653409090909091,0.10030792592905047,0.3849495818903897,0.13672172303913707,0.443421052631579,0.1398053405310299
early_paper_SVM,no_face,2800,0.5025,0.5004875358136228,0.5105158496261119,0.5004875358136228,0.49960625528698027,,,0.5227272727272727,0.20928289273776957,0.40010918101805354,0.16845199822479345,0.4986842105263158,0.19512541247310097
late_hard_voting,no_face,2800,0.455,0.43095486437877745,0.4256896150133545,0.43095486437877745,0.42542729714000505,,,0.5464015151515151,0.04458464773922188,0.39221533478022963,0.17371881580978665,0.4401315789473685,0.17758101132079815
late_meta,no_face,2800,0.37785714285714284,0.3350619288119288,0.22609150326797386,0.3350619288119288,0.22078964547399507,,,0.9327651515151515,0.033822299916394405,0.21093015497936848,0.100192367855321,0.3555921052631579,0.16970241388907348
late_meta_dropout,no_face,2800,0.38,0.36306125436560216,0.37707607336877097,0.36306125436560216,0.3629957154591293,,,0.5179924242424242,-0.05748443035190043,0.33327616983903785,0.17660670732501432,0.3651315789473684,0.17925186941000257
late_meta_reliability,no_face,2800,0.3603571428571429,0.33899946671685804,0.346263308656413,0.33899946671685804,0.3383410088001955,,,0.4876893939393939,-0.12377317339149396,0.305344176073976,0.1682066385837787,0.3427631578947368,0.18390482152325802
late_meta_zero_dropout,no_face,2800,0.3757142857142857,0.35623902064119456,0.3680474245335153,0.35623902064119456,0.35528331972124866,,,0.5284090909090909,-0.06601962457337884,0.3264795340451185,0.17405308704647948,0.3618421052631579,0.178810657917926
late_soft_voting,no_face,2800,0.455,0.43095486437877745,0.4256896150133545,0.43095486437877745,0.42542729714000505,,,0.5464015151515151,0.04458464773922188,0.39221533478022963,0.17371881580978665,0.4401315789473685,0.17758101132079815
late_stacking_LR,no_face,2800,0.41214285714285714,0.36712361712361713,0.3021938550261008,0.36712361712361713,0.27623623975741207,,,0.9128787878787878,0.02272142472845784,0.2524458072358241,0.15104780685660277,0.3825657894736842,0.19239850096023398
chance_stratified,no_veh,2800,0.30142857142857143,0.2967831785766568,0.29706784800869984,0.2967831785766568,0.2966717706669068,,,0.32575757575757575,-0.07456628998885884,0.3072956479088375,0.03979354801057683,0.2980263157894737,0.025892985071255824
early_MLP,no_veh,2800,0.4042857142857143,0.381883012317795,0.37601388956350973,0.381883012317795,0.3773815616205803,,,0.4640151515151515,0.030835868612385853,0.3394138641077434,0.18324267363924696,0.4016447368421053,0.1607041723942809
early_fusion_RF,no_veh,2800,0.4564285714285714,0.4282198276763494,0.41456459631641485,0.4282198276763494,0.4142069374541735,,,0.509469696969697,0.038366414547939987,0.3709013280159691,0.18772438695471313,0.4496710526315789,0.18920794138487554
early_paper_RF,no_veh,2800,0.48464285714285715,0.4547343256582386,0.44531152934973345,0.4547343256582386,0.4425107108778931,,,0.6003787878787878,0.0990775180968475,0.38869351229602644,0.16039259056093663,0.4756578947368421,0.17564372602032988
early_paper_SVM,no_veh,2800,0.485,0.4657300227952401,0.4666939795543526,0.4657300227952401,0.46207456983766687,,,0.6676136363636364,0.1979665443691312,0.3792071204704721,0.18043835337124217,0.4756578947368421,0.18679576890223823
late_hard_voting,no_veh,2800,0.4585714285714286,0.4301895769287074,0.4173436145471597,0.4301895769287074,0.42020035728477917,,,0.571969696969697,0.08037466854919251,0.38390587726772796,0.1786199967876318,0.44309210526315784,0.1831838164128258
late_meta,no_veh,2800,0.405,0.36347036618775747,0.34019443369036867,0.36347036618775747,0.2972950565701643,,,0.8418560606060606,0.004033897245067086,0.27163792080950216,0.16548349956216402,0.375,0.20322239567838765
late_meta_dropout,no_veh,2800,0.3682142857142857,0.35896686847773807,0.3783569985842874,0.35896686847773807,0.36319699116910337,,,0.41950757575757575,-0.10703547805171376,0.3081568692301505,0.15104412051752739,0.34539473684210525,0.18902713735469226
late_meta_reliability,no_veh,2800,0.3742857142857143,0.36294165777861426,0.3781604743494296,0.36294165777861426,0.36678463062273986,,,0.4308712121212121,-0.09467455621301779,0.31759712939408347,0.14237367312772903,0.3539473684210526,0.1712979010791651
late_meta_zero_dropout,no_veh,2800,0.36964285714285716,0.3611581655059916,0.379389242084649,0.3611581655059916,0.36539270457940765,,,0.4109848484848485,-0.09862404280421733,0.3085548779203617,0.16074610214908003,0.34572368421052635,0.19893892699997223
late_soft_voting,no_veh,2800,0.4585714285714286,0.4301895769287074,0.4173436145471597,0.4301895769287074,0.42020035728477917,,,0.571969696969697,0.08037466854919251,0.38390587726772796,0.1786199967876318,0.44309210526315784,0.1831838164128258
late_stacking_LR,no_veh,2800,0.3732142857142857,0.331428283873936,0.273759558187922,0.331428283873936,0.22758347345685911,,,0.90625,-0.016222548895239886,0.2128565593392628,0.12994290359142255,0.34506578947368416,0.18851238689765298
