k_min,method,vs,mean_gain_F1,improved_subjects,worse_subjects,wilcoxon_p,significant
2,bio_norm,bio_global,0.09756991427994281,12,7,0.05457305908203125,False
2,bio_finetune,bio_global,0.007281701416874571,10,5,0.03560071215888041,True
2,bio_norm+finetune,bio_global,0.10412685674345841,12,7,0.044559478759765625,True
2,fusion_bioOnly_norm,fusion_bioOnly_global,0.03057908750001161,12,7,0.2753410339355469,False
2,fusion_bioOnly_finetune,fusion_bioOnly_global,-0.0009003207835191148,8,7,1.0,False
2,fusion_bioOnly_norm+finetune,fusion_bioOnly_global,0.034437022162614885,13,6,0.18186569213867188,False
2,fusion_all_norm,fusion_all_global,0.05796929415153799,11,8,0.312408447265625,False
2,fusion_all_finetune,fusion_all_global,-0.0003194181143401043,8,9,0.9057940914405992,False
2,fusion_all_norm+finetune,fusion_all_global,0.06633106844010167,11,8,0.25792694091796875,False
4,bio_norm,bio_global,0.13213029169379864,15,4,0.012359619140625,True
4,bio_finetune,bio_global,0.0074063233060967255,12,4,0.10894087157711466,False
4,bio_norm+finetune,bio_global,0.1254517445565293,15,4,0.01082611083984375,True
4,fusion_bioOnly_norm,fusion_bioOnly_global,0.02757332876428625,10,9,0.5412178039550781,False
4,fusion_bioOnly_finetune,fusion_bioOnly_global,8.948441862420334e-05,10,7,0.7945864126678862,False
4,fusion_bioOnly_norm+finetune,fusion_bioOnly_global,0.0317220002364451,10,9,0.37359619140625,False
4,fusion_all_norm,fusion_all_global,0.09863725723565707,11,8,0.12318801879882812,False
4,fusion_all_finetune,fusion_all_global,0.0019428578350514326,12,7,0.6225624084472656,False
4,fusion_all_norm+finetune,fusion_all_global,0.0916551742584649,12,7,0.156402587890625,False
8,bio_norm,bio_global,0.07379331753033723,14,5,0.07987594604492188,False
8,bio_finetune,bio_global,0.015432906811709562,13,4,0.06150392570318532,False
8,bio_norm+finetune,bio_global,0.06127590991582559,12,7,0.104156494140625,False
8,fusion_bioOnly_norm,fusion_bioOnly_global,0.009163455964401533,11,8,0.70855712890625,False
8,fusion_bioOnly_finetune,fusion_bioOnly_global,0.0020246520650167767,8,11,0.6507492065429688,False
8,fusion_bioOnly_norm+finetune,fusion_bioOnly_global,0.0064731891054884095,12,7,0.5677604675292969,False
8,fusion_all_norm,fusion_all_global,0.0473285122867241,11,8,0.48996734619140625,False
8,fusion_all_finetune,fusion_all_global,0.007491352707631552,9,10,0.6794281005859375,False
8,fusion_all_norm+finetune,fusion_all_global,0.05421922213925586,10,9,0.4413337707519531,False
