k_min,method,n_windows,macro_F1,precision_macro,recall_macro,recall_High,kappa_quadratic,balanced_acc,accuracy,false_alarm_rate,subj_F1_mean,subj_F1_std
2,bio_finetune,2660,0.4069331673056271,0.4057298187785277,0.40863671313475747,0.47307692307692306,-0.015260649188273634,0.40863671313475747,0.43007518796992483,0.4881656804733728,0.36050624707678425,0.1657210637608084
2,bio_global,2660,0.3981403272677628,0.3972764413990559,0.3994295958279009,0.4740384615384615,-0.022243172847989046,0.3994295958279009,0.42105263157894735,0.5,0.3532245456599097,0.15909141341369723
2,bio_norm,2660,0.49113881385037317,0.5000809187536598,0.4899968241232909,0.525,0.39305725510401224,0.4899968241232909,0.4932330827067669,0.14201183431952663,0.4507944599398524,0.19678410885975295
2,bio_norm+finetune,2660,0.4952910187833049,0.5053359747953017,0.49411250961120584,0.5221153846153846,0.4039519000264925,0.49411250961120584,0.49661654135338346,0.13609467455621302,0.4573514024033681,0.19961530008865835
2,fusion_all_finetune,2660,0.45156678195683914,0.4524119850550062,0.4527053455019557,0.5442307692307692,0.17645805679825644,0.4527053455019557,0.4725563909774436,0.34171597633136097,0.41239979621043243,0.17291010601196166
2,fusion_all_global,2660,0.44608448319988775,0.4463968307505934,0.44724659846889314,0.5596153846153846,0.1744009449881876,0.44724659846889314,0.4680451127819549,0.34911242603550297,0.41271921432477265,0.17036672562973945
2,fusion_all_norm,2660,0.5179879655867986,0.5269905783128858,0.5191233744525792,0.5423076923076923,0.5011501546759736,0.5191233744525792,0.5142857142857142,0.07248520710059171,0.47068850847631066,0.1640985490633058
2,fusion_all_norm+finetune,2660,0.5256206010556705,0.5361736208782623,0.5263175709557717,0.5403846153846154,0.5091019417475728,0.5263175709557717,0.5214285714285715,0.06804733727810651,0.47905028276487427,0.166288902043216
2,fusion_bioOnly_finetune,2660,0.44986773574115624,0.4501267200504618,0.45083659278574534,0.5576923076923077,0.17700801488246687,0.45083659278574534,0.4710526315789474,0.3431952662721893,0.4118188935412535,0.17362373029522435
2,fusion_bioOnly_global,2660,0.44608448319988775,0.4463968307505934,0.44724659846889314,0.5596153846153846,0.1744009449881876,0.44724659846889314,0.4680451127819549,0.34911242603550297,0.41271921432477265,0.17036672562973945
2,fusion_bioOnly_norm,2660,0.4757920194270053,0.48361902873769075,0.47267784909571087,0.5442307692307692,0.3616074689402844,0.47267784909571087,0.4838345864661654,0.19230769230769232,0.44329830182478414,0.15824398304429535
2,fusion_bioOnly_norm+finetune,2660,0.4797393125959076,0.48778149860853554,0.4764579781365961,0.5471153846153847,0.37165513369499137,0.4764579781365961,0.48721804511278194,0.1878698224852071,0.44715623648738745,0.15915716307015482
4,bio_finetune,2520,0.40580133915805056,0.40510737326640317,0.40673363095238096,0.46484375,-0.01721936827702475,0.40673363095238096,0.42936507936507934,0.48863636363636365,0.3687387862864557,0.16354044830780756
4,bio_global,2520,0.3992328947824248,0.3983865355915838,0.400191930465368,0.4716796875,-0.030226453952936883,0.400191930465368,0.4246031746031746,0.5162337662337663,0.361332462980359,0.16388933930774005
4,bio_norm,2520,0.522271639657815,0.5302011759147502,0.522942877435065,0.5615234375,0.42855269937771157,0.522942877435065,0.5273809523809524,0.13636363636363635,0.49346275467415757,0.20972682109030535
4,bio_norm+finetune,2520,0.5132321004035788,0.5272311844375538,0.5147270698051948,0.509765625,0.41204010889179654,0.5147270698051948,0.5154761904761904,0.13636363636363635,0.4867842075368883,0.2164531117535518
4,fusion_all_finetune,2520,0.45393273468079026,0.4546226749951338,0.4549005681818182,0.53515625,0.1727677076258055,0.4549005681818182,0.47619047619047616,0.3538961038961039,0.42294890787551426,0.18418364553882702
4,fusion_all_global,2520,0.44292988936683786,0.4429180046165075,0.44399096996753246,0.5595703125,0.16701406820684805,0.44399096996753246,0.46904761904761905,0.3652597402597403,0.42100605004046276,0.18157655740555342
4,fusion_all_norm,2520,0.5591735979103603,0.569863359508605,0.5604682426948052,0.5908203125,0.5444220820938468,0.5604682426948052,0.5595238095238095,0.0698051948051948,0.5196433072761198,0.16155850990731305
4,fusion_all_norm+finetune,2520,0.5497023181720135,0.566038901733938,0.5514466653138528,0.5458984375,0.5324647711550254,0.5514466653138528,0.5468253968253968,0.06655844155844155,0.5126612242989277,0.16140988512322735
4,fusion_bioOnly_finetune,2520,0.4476369046959932,0.44769068276572827,0.44837324134199136,0.55859375,0.1753815912268898,0.44837324134199136,0.4722222222222222,0.3522727272727273,0.42109553445908693,0.1865168711462141
4,fusion_bioOnly_global,2520,0.44292988936683786,0.4429180046165075,0.44399096996753246,0.5595703125,0.16701406820684805,0.44399096996753246,0.46904761904761905,0.3652597402597403,0.42100605004046276,0.18157655740555342
4,fusion_bioOnly_norm,2520,0.4785587235670315,0.48596767281893555,0.47656165449134197,0.5537109375,0.3425581365812769,0.47656165449134197,0.4924603174603175,0.22402597402597402,0.448579378804749,0.1730977778926598
4,fusion_bioOnly_norm+finetune,2520,0.4819105903331002,0.49108452170727396,0.47990648674242425,0.5419921875,0.3476926323463114,0.47990648674242425,0.49444444444444446,0.21915584415584416,0.4527280502769079,0.1661388623229938
8,bio_finetune,2240,0.4219217523320314,0.4219692714203884,0.42290882032038196,0.47540983606557374,-0.01630773831313137,0.42290882032038196,0.45,0.5297619047619048,0.42286760548031693,0.19289383960232792
8,bio_global,2240,0.4070914455060796,0.40719605187724284,0.4076816586091823,0.4713114754098361,-0.03959501927373865,0.4076816586091823,0.43705357142857143,0.5515873015873016,0.4074346986686075,0.19650042540314905
8,bio_norm,2240,0.5099757342773605,0.517628351916848,0.5162260158593205,0.5840163934426229,0.44949508662886706,0.5162260158593205,0.5205357142857143,0.14682539682539683,0.4812280161989446,0.23362682951310546
8,bio_norm+finetune,2240,0.5001487870364943,0.5120067855938127,0.5062460340286051,0.5389344262295082,0.44287006331022016,0.5062460340286051,0.5058035714285715,0.15476190476190477,0.46871060858443303,0.23075759481861685
8,fusion_all_finetune,2240,0.45168549917083967,0.45354504894726877,0.45407787455889265,0.5133196721311475,0.16346325466659217,0.45407787455889265,0.478125,0.375,0.44496057383890336,0.1975467759573369
8,fusion_all_global,2240,0.4315389226241632,0.43172010968788044,0.43243514067500266,0.5532786885245902,0.14912507861344393,0.43243514067500266,0.4660714285714286,0.3888888888888889,0.4374692211312718,0.18937565559163777
8,fusion_all_norm,2240,0.51321533578536,0.5293730459108112,0.5180376944181949,0.5881147540983607,0.4917127071823204,0.5180376944181949,0.5223214285714286,0.0992063492063492,0.48479773341799587,0.23085701824532828
8,fusion_all_norm+finetune,2240,0.517110483984468,0.5377465466911433,0.524301703712834,0.548155737704918,0.500636853767906,0.524301703712834,0.5205357142857143,0.09126984126984126,0.49168844327052763,0.21993451344190337
8,fusion_bioOnly_finetune,2240,0.4429013564228286,0.44371770006885436,0.4434877608410826,0.5461065573770492,0.17118949219435875,0.4434877608410826,0.47232142857142856,0.36706349206349204,0.43949387319628846,0.1974882620132335
8,fusion_bioOnly_global,2240,0.4315389226241632,0.43172010968788044,0.43243514067500266,0.5532786885245902,0.14912507861344393,0.43243514067500266,0.4660714285714286,0.3888888888888889,0.4374692211312718,0.18937565559163777
8,fusion_bioOnly_norm,2240,0.4558853722639011,0.46626736427661014,0.4534991280569365,0.5645491803278688,0.36529280192541624,0.4534991280569365,0.47544642857142855,0.22420634920634921,0.4466326770956733,0.1951746559400812
8,fusion_bioOnly_norm+finetune,2240,0.4557721593402749,0.4663150563666944,0.4532693870377218,0.5645491803278688,0.36333895216640144,0.4532693870377218,0.4758928571428571,0.23015873015873015,0.44394241023676007,0.18277849789534267
