k_min,method,subject,macro_F1
2,bio_finetune,A,0.3644859813084112
2,bio_finetune,B,0.40752876073976996
2,bio_finetune,C,0.5825093386068996
2,bio_finetune,D,0.48220471242053975
2,bio_finetune,E,0.30893092761361196
2,bio_finetune,F,0.3823529411764706
2,bio_finetune,G,0.6175548589341693
2,bio_finetune,H,0.20904761904761904
2,bio_finetune,I,0.36192421148173365
2,bio_finetune,J,0.1457947992601458
2,bio_finetune,K,0.30097280127059756
2,bio_finetune,L,0.8217054263565892
2,bio_finetune,M,0.15568154972832507
2,bio_finetune,N,0.377430948219732
2,bio_finetune,O,0.20448600211498857
2,bio_finetune,P,0.34793510155790325
2,bio_finetune,Q,0.2587935119373064
2,bio_finetune,R,0.30342826564966463
2,bio_finetune,S,0.21685093703442326
2,bio_global,A,0.3644859813084112
2,bio_global,B,0.40330248593721646
2,bio_global,C,0.5529411764705883
2,bio_global,D,0.48921448921448923
2,bio_global,E,0.31506625078202605
2,bio_global,F,0.37565521258008155
2,bio_global,G,0.5560951918406993
2,bio_global,H,0.20904761904761904
2,bio_global,I,0.36192421148173365
2,bio_global,J,0.14867716279824703
2,bio_global,K,0.29982433025911287
2,bio_global,L,0.8125
2,bio_global,M,0.14746648488979777
2,bio_global,N,0.367799361448244
2,bio_global,O,0.1978337754199823
2,bio_global,P,0.34793510155790325
2,bio_global,Q,0.23728813559322035
2,bio_global,R,0.303957803957804
2,bio_global,S,0.22025159295110755
2,bio_norm,A,0.45390070921985815
2,bio_norm,B,0.6110442486329011
2,bio_norm,C,0.4974025974025974
2,bio_norm,D,0.6299235084140745
2,bio_norm,E,0.2642279929830616
2,bio_norm,F,0.35333333333333333
2,bio_norm,G,0.479723981472729
2,bio_norm,H,0.5430970575318401
2,bio_norm,I,0.7882836587872559
2,bio_norm,J,0.6056454272297356
2,bio_norm,K,0.2044980342013121
2,bio_norm,L,0.9064748201438849
2,bio_norm,M,0.30492559879048303
2,bio_norm,N,0.15403549682601372
2,bio_norm,O,0.39532754991031327
2,bio_norm,P,0.19979328165374677
2,bio_norm,Q,0.48768768768768767
2,bio_norm,R,0.4320139908404448
2,bio_norm,S,0.2537557637959244
2,bio_norm+finetune,A,0.45390070921985815
2,bio_norm+finetune,B,0.6236320034881185
2,bio_norm+finetune,C,0.5032175032175032
2,bio_norm+finetune,D,0.6225553284376814
2,bio_norm+finetune,E,0.2813797779472837
2,bio_norm+finetune,F,0.3617582417582418
2,bio_norm+finetune,G,0.5015588096362777
2,bio_norm+finetune,H,0.5405335405335405
2,bio_norm+finetune,I,0.8087223457182173
2,bio_norm+finetune,J,0.6465908664490224
2,bio_norm+finetune,K,0.2028309360016677
2,bio_norm+finetune,L,0.9142857142857143
2,bio_norm+finetune,M,0.32544637122671805
2,bio_norm+finetune,N,0.13954358398802844
2,bio_norm+finetune,O,0.39532754991031327
2,bio_norm+finetune,P,0.22177217465561025
2,bio_norm+finetune,Q,0.46204580643863985
2,bio_norm+finetune,R,0.42581883758354344
2,bio_norm+finetune,S,0.25875654516801383
2,fusion_all_finetune,A,0.8010273308780771
2,fusion_all_finetune,B,0.2866651539217911
2,fusion_all_finetune,C,0.40625
2,fusion_all_finetune,D,0.44344650611922615
2,fusion_all_finetune,E,0.3229877002416826
2,fusion_all_finetune,F,0.4688995215311005
2,fusion_all_finetune,G,0.6372469635627531
2,fusion_all_finetune,H,0.4250855897914721
2,fusion_all_finetune,I,0.3411490470314
2,fusion_all_finetune,J,0.26366843033509696
2,fusion_all_finetune,K,0.4227234753550542
2,fusion_all_finetune,L,0.7642276422764228
2,fusion_all_finetune,M,0.257775923608214
2,fusion_all_finetune,N,0.2951833607006021
2,fusion_all_finetune,O,0.14824951533812294
2,fusion_all_finetune,P,0.4117446227381359
2,fusion_all_finetune,Q,0.6055625047105591
2,fusion_all_finetune,R,0.27467333889352236
2,fusion_all_finetune,S,0.25902950096498484
2,fusion_all_global,A,0.8038011695906433
2,fusion_all_global,B,0.2739550650943056
2,fusion_all_global,C,0.43846153846153846
2,fusion_all_global,D,0.4380533137686476
2,fusion_all_global,E,0.32947213273342885
2,fusion_all_global,F,0.4689092762487258
2,fusion_all_global,G,0.6506719761075161
2,fusion_all_global,H,0.4161198741886463
2,fusion_all_global,I,0.3517279821627648
2,fusion_all_global,J,0.24453267124196784
2,fusion_all_global,K,0.41120922246750063
2,fusion_all_global,L,0.743801652892562
2,fusion_all_global,M,0.26997635933806147
2,fusion_all_global,N,0.2951833607006021
2,fusion_all_global,O,0.16120347325922238
2,fusion_all_global,P,0.43111111111111117
2,fusion_all_global,Q,0.5817075368158959
2,fusion_all_global,R,0.27467333889352236
2,fusion_all_global,S,0.2570940170940171
2,fusion_all_norm,A,0.5295454545454545
2,fusion_all_norm,B,0.6081548343959692
2,fusion_all_norm,C,0.3995951417004049
2,fusion_all_norm,D,0.5707853864050808
2,fusion_all_norm,E,0.3627880127210783
2,fusion_all_norm,F,0.29540229885057473
2,fusion_all_norm,G,0.6702324917986022
2,fusion_all_norm,H,0.6526785714285714
2,fusion_all_norm,I,0.769518466573165
2,fusion_all_norm,J,0.6830196136554517
2,fusion_all_norm,K,0.3787347155768208
2,fusion_all_norm,L,0.5098039215686274
2,fusion_all_norm,M,0.3542366016050226
2,fusion_all_norm,N,0.1784313725490196
2,fusion_all_norm,O,0.5079365079365079
2,fusion_all_norm,P,0.2040494662209592
2,fusion_all_norm,Q,0.5752061312702045
2,fusion_all_norm,R,0.32108058608058604
2,fusion_all_norm,S,0.37188208616780044
2,fusion_all_norm+finetune,A,0.55
2,fusion_all_norm+finetune,B,0.6037769569879662
2,fusion_all_norm+finetune,C,0.3995951417004049
2,fusion_all_norm+finetune,D,0.5625673342900522
2,fusion_all_norm+finetune,E,0.3699040767386091
2,fusion_all_norm+finetune,F,0.2979664014146773
2,fusion_all_norm+finetune,G,0.6933333333333334
2,fusion_all_norm+finetune,H,0.6633646928610958
2,fusion_all_norm+finetune,I,0.7817971014492754
2,fusion_all_norm+finetune,J,0.6851407362958518
2,fusion_all_norm+finetune,K,0.39530967117174015
2,fusion_all_norm+finetune,L,0.5660377358490566
2,fusion_all_norm+finetune,M,0.3553298007977448
2,fusion_all_norm+finetune,N,0.17745629897528634
2,fusion_all_norm+finetune,O,0.5079365079365079
2,fusion_all_norm+finetune,P,0.2259393654827948
2,fusion_all_norm+finetune,Q,0.5752061312702045
2,fusion_all_norm+finetune,R,0.3124535977625222
2,fusion_all_norm+finetune,S,0.37884048821548816
2,fusion_bioOnly_finetune,A,0.8038011695906433
2,fusion_bioOnly_finetune,B,0.2739550650943056
2,fusion_bioOnly_finetune,C,0.40625
2,fusion_bioOnly_finetune,D,0.4382284382284382
2,fusion_bioOnly_finetune,E,0.3190921516826313
2,fusion_bioOnly_finetune,F,0.45779816513761473
2,fusion_bioOnly_finetune,G,0.6555023923444976
2,fusion_bioOnly_finetune,H,0.4161198741886463
2,fusion_bioOnly_finetune,I,0.3460830145913019
2,fusion_bioOnly_finetune,J,0.2486924599777095
2,fusion_bioOnly_finetune,K,0.4248107627715975
2,fusion_bioOnly_finetune,L,0.7540983606557377
2,fusion_bioOnly_finetune,M,0.2769226893719929
2,fusion_bioOnly_finetune,N,0.2950858658617457
2,fusion_bioOnly_finetune,O,0.14485380116959065
2,fusion_bioOnly_finetune,P,0.42946975313727104
2,fusion_bioOnly_finetune,Q,0.6000921736215855
2,fusion_bioOnly_finetune,R,0.27467333889352236
2,fusion_bioOnly_finetune,S,0.25902950096498484
2,fusion_bioOnly_global,A,0.8038011695906433
2,fusion_bioOnly_global,B,0.2739550650943056
2,fusion_bioOnly_global,C,0.43846153846153846
2,fusion_bioOnly_global,D,0.4380533137686476
2,fusion_bioOnly_global,E,0.32947213273342885
2,fusion_bioOnly_global,F,0.4689092762487258
2,fusion_bioOnly_global,G,0.6506719761075161
2,fusion_bioOnly_global,H,0.4161198741886463
2,fusion_bioOnly_global,I,0.3517279821627648
2,fusion_bioOnly_global,J,0.24453267124196784
2,fusion_bioOnly_global,K,0.41120922246750063
2,fusion_bioOnly_global,L,0.743801652892562
2,fusion_bioOnly_global,M,0.26997635933806147
2,fusion_bioOnly_global,N,0.2951833607006021
2,fusion_bioOnly_global,O,0.16120347325922238
2,fusion_bioOnly_global,P,0.43111111111111117
2,fusion_bioOnly_global,Q,0.5817075368158959
2,fusion_bioOnly_global,R,0.27467333889352236
2,fusion_bioOnly_global,S,0.2570940170940171
2,fusion_bioOnly_norm,A,0.5682539682539682
2,fusion_bioOnly_norm,B,0.395844539366134
2,fusion_bioOnly_norm,C,0.45490336435218326
2,fusion_bioOnly_norm,D,0.5616620204433825
2,fusion_bioOnly_norm,E,0.39928989561915035
2,fusion_bioOnly_norm,F,0.5131313131313131
2,fusion_bioOnly_norm,G,0.5702247191011236
2,fusion_bioOnly_norm,H,0.5342703605861501
2,fusion_bioOnly_norm,I,0.3067226890756303
2,fusion_bioOnly_norm,J,0.4712088777989362
2,fusion_bioOnly_norm,K,0.32249350649350644
2,fusion_bioOnly_norm,L,0.8571428571428571
2,fusion_bioOnly_norm,M,0.38336859923825645
2,fusion_bioOnly_norm,N,0.19658119658119658
2,fusion_bioOnly_norm,O,0.23067408781694496
2,fusion_bioOnly_norm,P,0.2955318115590092
2,fusion_bioOnly_norm,Q,0.6445467462347257
2,fusion_bioOnly_norm,R,0.46053741414628274
2,fusion_bioOnly_norm,S,0.25627976773014943
2,fusion_bioOnly_norm+finetune,A,0.5682539682539682
2,fusion_bioOnly_norm+finetune,B,0.387997623291741
2,fusion_bioOnly_norm+finetune,C,0.45490336435218326
2,fusion_bioOnly_norm+finetune,D,0.5515497504701823
2,fusion_bioOnly_norm+finetune,E,0.414750273455418
2,fusion_bioOnly_norm+finetune,F,0.541018387553041
2,fusion_bioOnly_norm+finetune,G,0.5818761384335155
2,fusion_bioOnly_norm+finetune,H,0.539436531802944
2,fusion_bioOnly_norm+finetune,I,0.31230448383733056
2,fusion_bioOnly_norm+finetune,J,0.4946924760942874
2,fusion_bioOnly_norm+finetune,K,0.32272163969218665
2,fusion_bioOnly_norm+finetune,L,0.8823529411764706
2,fusion_bioOnly_norm+finetune,M,0.37546600929441903
2,fusion_bioOnly_norm+finetune,N,0.20159120159120159
2,fusion_bioOnly_norm+finetune,O,0.23412729402577118
2,fusion_bioOnly_norm+finetune,P,0.3054882970137207
2,fusion_bioOnly_norm+finetune,Q,0.605015015015015
2,fusion_bioOnly_norm+finetune,R,0.46053741414628274
2,fusion_bioOnly_norm+finetune,S,0.2618856837606838
4,bio_finetune,A,0.35353535353535354
4,bio_finetune,B,0.40021231422505305
4,bio_finetune,C,0.55
4,bio_finetune,D,0.48577049180327875
4,bio_finetune,E,0.30378645919811503
4,bio_finetune,F,0.36733416770963706
4,bio_finetune,G,0.6035196687370601
4,bio_finetune,H,0.23181533800915408
4,bio_finetune,I,0.34858235106721885
4,bio_finetune,J,0.15589246007681423
4,bio_finetune,K,0.45595891374701
4,bio_finetune,L,0.848
4,bio_finetune,M,0.15337062113629674
4,bio_finetune,N,0.3562165941980065
4,bio_finetune,O,0.2031425364758698
4,bio_finetune,P,0.3490749935635735
4,bio_finetune,Q,0.26808594520007883
4,bio_finetune,R,0.3090666423999758
4,bio_finetune,S,0.2626720883601617
4,bio_global,A,0.35353535353535354
4,bio_global,B,0.41697227808667536
4,bio_global,C,0.5404255319148936
4,bio_global,D,0.5120420967415503
4,bio_global,E,0.3139662183296841
4,bio_global,F,0.35989879822896903
4,bio_global,G,0.5571428571428572
4,bio_global,H,0.21901709401709402
4,bio_global,I,0.34858235106721885
4,bio_global,J,0.15544428080510556
4,bio_global,K,0.4522714604236343
4,bio_global,L,0.8387096774193549
4,bio_global,M,0.14081346423562413
4,bio_global,N,0.34678382364615584
4,bio_global,O,0.20790123456790122
4,bio_global,P,0.3490749935635735
4,bio_global,Q,0.24561403508771928
4,bio_global,R,0.2964902856119617
4,bio_global,S,0.21063096220149333
4,bio_norm,A,0.46715328467153283
4,bio_norm,B,0.5870646766169154
4,bio_norm,C,0.5051954477981198
4,bio_norm,D,0.6821769206124818
4,bio_norm,E,0.40065989075160385
4,bio_norm,F,0.2294871794871795
4,bio_norm,G,0.5595764367225249
4,bio_norm,H,0.5795386201563708
4,bio_norm,I,0.9111376428449599
4,bio_norm,J,0.6878787878787879
4,bio_norm,K,0.2912466843501326
4,bio_norm,L,0.993006993006993
4,bio_norm,M,0.2888888888888889
4,bio_norm,N,0.16335361730899256
4,bio_norm,O,0.38694638694638694
4,bio_norm,P,0.408130081300813
4,bio_norm,Q,0.3922069807730539
4,bio_norm,R,0.48260441031525375
4,bio_norm,S,0.3595394083780028
4,bio_norm+finetune,A,0.4552238805970149
4,bio_norm+finetune,B,0.5925903806338589
4,bio_norm+finetune,C,0.49364837398373984
4,bio_norm+finetune,D,0.6728395061728395
4,bio_norm+finetune,E,0.4032508576877329
4,bio_norm+finetune,F,0.2294871794871795
4,bio_norm+finetune,G,0.6669754039312545
4,bio_norm+finetune,H,0.4568856587033199
4,bio_norm+finetune,I,0.9250749250749251
4,bio_norm+finetune,J,0.6751575032446704
4,bio_norm+finetune,K,0.2935303107488538
4,bio_norm+finetune,L,0.993006993006993
4,bio_norm+finetune,M,0.29953889091129715
4,bio_norm+finetune,N,0.17329339869385638
4,bio_norm+finetune,O,0.38694638694638694
4,bio_norm+finetune,P,0.4328415470303543
4,bio_norm+finetune,Q,0.25990344738941246
4,bio_norm+finetune,R,0.48573993766620144
4,bio_norm+finetune,S,0.3529653612909857
4,fusion_all_finetune,A,0.8223776223776225
4,fusion_all_finetune,B,0.28830311602588826
4,fusion_all_finetune,C,0.4
4,fusion_all_finetune,D,0.4722971272426563
4,fusion_all_finetune,E,0.30442574045338894
4,fusion_all_finetune,F,0.46448645886561063
4,fusion_all_finetune,G,0.6051765738100461
4,fusion_all_finetune,H,0.4400416890801506
4,fusion_all_finetune,I,0.33303795598877567
4,fusion_all_finetune,J,0.21958270487682252
4,fusion_all_finetune,K,0.6508130081300814
4,fusion_all_finetune,L,0.7692307692307693
4,fusion_all_finetune,M,0.2608671848493261
4,fusion_all_finetune,N,0.29978601822217316
4,fusion_all_finetune,O,0.139019300991132
4,fusion_all_finetune,P,0.4166666666666667
4,fusion_all_finetune,Q,0.59375
4,fusion_all_finetune,R,0.2860484544695071
4,fusion_all_finetune,S,0.27011885835415245
4,fusion_all_global,A,0.8208287895310796
4,fusion_all_global,B,0.2567546321591629
4,fusion_all_global,C,0.43162393162393164
4,fusion_all_global,D,0.45723421262989605
4,fusion_all_global,E,0.32056295436577126
4,fusion_all_global,F,0.4576457645764576
4,fusion_all_global,G,0.6530322862129145
4,fusion_all_global,H,0.4156613756613757
4,fusion_all_global,I,0.3452088452088452
4,fusion_all_global,J,0.20879950685775928
4,fusion_all_global,K,0.6289581460393567
4,fusion_all_global,L,0.7368421052631579
4,fusion_all_global,M,0.2537145003698976
4,fusion_all_global,N,0.27879920960632315
4,fusion_all_global,O,0.16223775623613418
4,fusion_all_global,P,0.43653962492437987
4,fusion_all_global,Q,0.5745195469492145
4,fusion_all_global,R,0.2941998602375961
4,fusion_all_global,S,0.26595190231553867
4,fusion_all_norm,A,0.5764227642276423
4,fusion_all_norm,B,0.6166133631221085
4,fusion_all_norm,C,0.397513644633111
4,fusion_all_norm,D,0.5014472527263193
4,fusion_all_norm,E,0.447974863294508
4,fusion_all_norm,F,0.3288288288288288
4,fusion_all_norm,G,0.7151675485008818
4,fusion_all_norm,H,0.7465378421900161
4,fusion_all_norm,I,0.8590785907859078
4,fusion_all_norm,J,0.6784446322907861
4,fusion_all_norm,K,0.49623745819397996
4,fusion_all_norm,L,0.6285714285714286
4,fusion_all_norm,M,0.3705720239295556
4,fusion_all_norm,N,0.1463852097130243
4,fusion_all_norm,O,0.4770300715055343
4,fusion_all_norm,P,0.4269524513426952
4,fusion_all_norm,Q,0.5619379544770019
4,fusion_all_norm,R,0.44002442002442005
4,fusion_all_norm,S,0.45748248988852724
4,fusion_all_norm+finetune,A,0.5932388222464557
4,fusion_all_norm+finetune,B,0.6120131126178404
4,fusion_all_norm+finetune,C,0.40018744142455487
4,fusion_all_norm+finetune,D,0.48427318295739347
4,fusion_all_norm+finetune,E,0.4360192516689955
4,fusion_all_norm+finetune,F,0.3288288288288288
4,fusion_all_norm+finetune,G,0.7306368330464716
4,fusion_all_norm+finetune,H,0.7177083333333334
4,fusion_all_norm+finetune,I,0.8719095832352248
4,fusion_all_norm+finetune,J,0.6409096182851839
4,fusion_all_norm+finetune,K,0.45836620526429034
4,fusion_all_norm+finetune,L,0.6542056074766355
4,fusion_all_norm+finetune,M,0.3653198653198653
4,fusion_all_norm+finetune,N,0.15124398345874857
4,fusion_all_norm+finetune,O,0.4770300715055343
4,fusion_all_norm+finetune,P,0.4377691375057486
4,fusion_all_norm+finetune,Q,0.4654148729080938
4,fusion_all_norm+finetune,R,0.45778385772913815
4,fusion_all_norm+finetune,S,0.4577046528672884
4,fusion_bioOnly_finetune,A,0.8208287895310796
4,fusion_bioOnly_finetune,B,0.2526367926367926
4,fusion_bioOnly_finetune,C,0.4
4,fusion_bioOnly_finetune,D,0.45229594102495785
4,fusion_bioOnly_finetune,E,0.3105212355212355
4,fusion_bioOnly_finetune,F,0.4582043343653251
4,fusion_bioOnly_finetune,G,0.6585607940446649
4,fusion_bioOnly_finetune,H,0.4250670498084291
4,fusion_bioOnly_finetune,I,0.33516656191074795
4,fusion_bioOnly_finetune,J,0.21222102361260933
4,fusion_bioOnly_finetune,K,0.6422918962235802
4,fusion_bioOnly_finetune,L,0.7478260869565218
4,fusion_bioOnly_finetune,M,0.25791855203619907
4,fusion_bioOnly_finetune,N,0.2841353902832144
4,fusion_bioOnly_finetune,O,0.14458780655963754
4,fusion_bioOnly_finetune,P,0.433096926713948
4,fusion_bioOnly_finetune,Q,0.6032380952380952
4,fusion_bioOnly_finetune,R,0.2941998602375961
4,fusion_bioOnly_finetune,S,0.268018018018018
4,fusion_bioOnly_global,A,0.8208287895310796
4,fusion_bioOnly_global,B,0.2567546321591629
4,fusion_bioOnly_global,C,0.43162393162393164
4,fusion_bioOnly_global,D,0.45723421262989605
4,fusion_bioOnly_global,E,0.32056295436577126
4,fusion_bioOnly_global,F,0.4576457645764576
4,fusion_bioOnly_global,G,0.6530322862129145
4,fusion_bioOnly_global,H,0.4156613756613757
4,fusion_bioOnly_global,I,0.3452088452088452
4,fusion_bioOnly_global,J,0.20879950685775928
4,fusion_bioOnly_global,K,0.6289581460393567
4,fusion_bioOnly_global,L,0.7368421052631579
4,fusion_bioOnly_global,M,0.2537145003698976
4,fusion_bioOnly_global,N,0.27879920960632315
4,fusion_bioOnly_global,O,0.16223775623613418
4,fusion_bioOnly_global,P,0.43653962492437987
4,fusion_bioOnly_global,Q,0.5745195469492145
4,fusion_bioOnly_global,R,0.2941998602375961
4,fusion_bioOnly_global,S,0.26595190231553867
4,fusion_bioOnly_norm,A,0.5510480054090602
4,fusion_bioOnly_norm,B,0.3774154589371981
4,fusion_bioOnly_norm,C,0.40829439252336447
4,fusion_bioOnly_norm,D,0.4982803247881431
4,fusion_bioOnly_norm,E,0.3954849266439249
4,fusion_bioOnly_norm,F,0.3808139534883721
4,fusion_bioOnly_norm,G,0.628621997471555
4,fusion_bioOnly_norm,H,0.6317361111111112
4,fusion_bioOnly_norm,I,0.277437780497756
4,fusion_bioOnly_norm,J,0.5102138096940506
4,fusion_bioOnly_norm,K,0.5125816993464052
4,fusion_bioOnly_norm,L,0.9565217391304348
4,fusion_bioOnly_norm,M,0.33765806210250654
4,fusion_bioOnly_norm,N,0.19142857142857142
4,fusion_bioOnly_norm,O,0.21598367090595072
4,fusion_bioOnly_norm,P,0.35213890926876984
4,fusion_bioOnly_norm,Q,0.5424291938997822
4,fusion_bioOnly_norm,R,0.4782529239766082
4,fusion_bioOnly_norm,S,0.27666666666666667
4,fusion_bioOnly_norm+finetune,A,0.5816993464052287
4,fusion_bioOnly_norm+finetune,B,0.38486856280973925
4,fusion_bioOnly_norm+finetune,C,0.40829439252336447
4,fusion_bioOnly_norm+finetune,D,0.49870305226877026
4,fusion_bioOnly_norm+finetune,E,0.4168038740920097
4,fusion_bioOnly_norm+finetune,F,0.3948025987006497
4,fusion_bioOnly_norm+finetune,G,0.6235969453129004
4,fusion_bioOnly_norm+finetune,H,0.5956639643776923
4,fusion_bioOnly_norm+finetune,I,0.30172927847346454
4,fusion_bioOnly_norm+finetune,J,0.5208369217622357
4,fusion_bioOnly_norm+finetune,K,0.5252460419341036
4,fusion_bioOnly_norm+finetune,L,0.9565217391304348
4,fusion_bioOnly_norm+finetune,M,0.3531250000000001
4,fusion_bioOnly_norm+finetune,N,0.2004922377887164
4,fusion_bioOnly_norm+finetune,O,0.22817460317460317
4,fusion_bioOnly_norm+finetune,P,0.36174817453529395
4,fusion_bioOnly_norm+finetune,Q,0.4857142857142857
4,fusion_bioOnly_norm+finetune,R,0.4684210526315789
4,fusion_bioOnly_norm+finetune,S,0.29539088362617777
8,bio_finetune,A,0.39612981603609854
8,bio_finetune,B,0.6255892255892257
8,bio_finetune,C,0.5748792270531401
8,bio_finetune,D,0.7793103448275862
8,bio_finetune,E,0.29987449052827425
8,bio_finetune,F,0.355119825708061
8,bio_finetune,G,0.691701998788613
8,bio_finetune,H,0.2573544973544974
8,bio_finetune,I,0.350463149416029
8,bio_finetune,J,0.23684210526315788
8,bio_finetune,K,0.43610013175230566
8,bio_finetune,L,0.8672566371681416
8,bio_finetune,M,0.1793103448275862
8,bio_finetune,N,0.5042520062282908
8,bio_finetune,O,0.22227478809383006
8,bio_finetune,P,0.35892531584839277
8,bio_finetune,Q,0.31176999101527403
8,bio_finetune,R,0.3260359276971409
8,bio_finetune,S,0.26129468093037805
8,bio_global,A,0.35795454545454547
8,bio_global,B,0.665608689518973
8,bio_global,C,0.5333333333333333
8,bio_global,D,0.841495218777166
8,bio_global,E,0.299808429118774
8,bio_global,F,0.3463235294117647
8,bio_global,G,0.5698005698005698
8,bio_global,H,0.24242424242424243
8,bio_global,I,0.350463149416029
8,bio_global,J,0.24375
8,bio_global,K,0.4340456890198968
8,bio_global,L,0.8468468468468469
8,bio_global,M,0.1531491384432561
8,bio_global,N,0.4665314401622718
8,bio_global,O,0.22620162297128588
8,bio_global,P,0.35892531584839277
8,bio_global,Q,0.2641509433962264
8,bio_global,R,0.3249944376715817
8,bio_global,S,0.2154521330883854
8,bio_norm,A,0.4491525423728814
8,bio_norm,B,0.7596899224806202
8,bio_norm,C,0.4781884781884782
8,bio_norm,D,0.8427845958527296
8,bio_norm,E,0.40447468878941245
8,bio_norm,F,0.3963963963963964
8,bio_norm,G,0.6536554354736173
8,bio_norm,H,0.666555820793894
8,bio_norm,I,0.9403393541324576
8,bio_norm,J,0.6724434035909446
8,bio_norm,K,0.2809917355371901
8,bio_norm,L,0.03076923076923077
8,bio_norm,M,0.31907051282051285
8,bio_norm,N,0.10256410256410256
8,bio_norm,O,0.3904761904761904
8,bio_norm,P,0.2774665421724245
8,bio_norm,Q,0.46458079371529193
8,bio_norm,R,0.6468645115703939
8,bio_norm,S,0.3668680500831801
8,bio_norm+finetune,A,0.4671148459383753
8,bio_norm+finetune,B,0.754188679245283
8,bio_norm+finetune,C,0.45659603554340394
8,bio_norm+finetune,D,0.8167706476530006
8,bio_norm+finetune,E,0.4348551725031921
8,bio_norm+finetune,F,0.3441780821917808
8,bio_norm+finetune,G,0.7131960335621663
8,bio_norm+finetune,H,0.5481136147802814
8,bio_norm+finetune,I,0.9496906107075598
8,bio_norm+finetune,J,0.6391811434630128
8,bio_norm+finetune,K,0.30714285714285716
8,bio_norm+finetune,L,0.03076923076923077
8,bio_norm+finetune,M,0.3204702469559907
8,bio_norm+finetune,N,0.10256410256410256
8,bio_norm+finetune,O,0.3937145351374945
8,bio_norm+finetune,P,0.32279077858346156
8,bio_norm+finetune,Q,0.302147154606171
8,bio_norm+finetune,R,0.633528667712184
8,bio_norm+finetune,S,0.36848912404467954
8,fusion_all_finetune,A,0.8460192475940507
8,fusion_all_finetune,B,0.35162162162162164
8,fusion_all_finetune,C,0.3904761904761905
8,fusion_all_finetune,D,0.7528787682753266
8,fusion_all_finetune,E,0.2826169823073848
8,fusion_all_finetune,F,0.4627594627594628
8,fusion_all_finetune,G,0.6117107583774251
8,fusion_all_finetune,H,0.4706093189964157
8,fusion_all_finetune,I,0.30538922155688625
8,fusion_all_finetune,J,0.2243060765191298
8,fusion_all_finetune,K,0.6025437201907791
8,fusion_all_finetune,L,0.780952380952381
8,fusion_all_finetune,M,0.24591273560345725
8,fusion_all_finetune,N,0.38543371522094927
8,fusion_all_finetune,O,0.1411372950819672
8,fusion_all_finetune,P,0.4256132994961197
8,fusion_all_finetune,Q,0.6052519905044011
8,fusion_all_finetune,R,0.2785458269329237
8,fusion_all_finetune,S,0.2904722904722905
8,fusion_all_global,A,0.8296903460837887
8,fusion_all_global,B,0.29744579744579747
8,fusion_all_global,C,0.42235294117647054
8,fusion_all_global,D,0.744
8,fusion_all_global,E,0.2890775130442644
8,fusion_all_global,F,0.4444444444444444
8,fusion_all_global,G,0.6499402628434886
8,fusion_all_global,H,0.422849578405134
8,fusion_all_global,I,0.3167701863354037
8,fusion_all_global,J,0.2300454250486697
8,fusion_all_global,K,0.6443863897030713
8,fusion_all_global,L,0.7070707070707071
8,fusion_all_global,M,0.2555434782608696
8,fusion_all_global,N,0.32346179851250845
8,fusion_all_global,O,0.16574115098705264
8,fusion_all_global,P,0.4485112563543936
8,fusion_all_global,Q,0.5385988836160657
8,fusion_all_global,R,0.2962962962962963
8,fusion_all_global,S,0.28568874586573706
8,fusion_all_norm,A,0.5607764232453545
8,fusion_all_norm,B,0.8029231494578029
8,fusion_all_norm,C,0.3586337760910816
8,fusion_all_norm,D,0.6119468061914105
8,fusion_all_norm,E,0.3935692769776991
8,fusion_all_norm,F,0.23414112615823235
8,fusion_all_norm,G,0.7076923076923077
8,fusion_all_norm,H,0.7405709045053307
8,fusion_all_norm,I,0.8283397471137988
8,fusion_all_norm,J,0.7350061199510404
8,fusion_all_norm,K,0.5430247172182656
8,fusion_all_norm,L,0.0
8,fusion_all_norm,M,0.27530864197530863
8,fusion_all_norm,N,0.045454545454545456
8,fusion_all_norm,O,0.46784341683670544
8,fusion_all_norm,P,0.35290749686884954
8,fusion_all_norm,Q,0.5941702914854258
8,fusion_all_norm,R,0.5080157526966037
8,fusion_all_norm,S,0.45083243502215836
8,fusion_all_norm+finetune,A,0.5892060660124888
8,fusion_all_norm+finetune,B,0.8016418028257952
8,fusion_all_norm+finetune,C,0.3607843137254902
8,fusion_all_norm+finetune,D,0.585431654676259
8,fusion_all_norm+finetune,E,0.3786894586894587
8,fusion_all_norm+finetune,F,0.2877906976744186
8,fusion_all_norm+finetune,G,0.7327635327635328
8,fusion_all_norm+finetune,H,0.7266824916810283
8,fusion_all_norm+finetune,I,0.8453636117869694
8,fusion_all_norm+finetune,J,0.7372134038800705
8,fusion_all_norm+finetune,K,0.45905666557484437
8,fusion_all_norm+finetune,L,0.06060606060606061
8,fusion_all_norm+finetune,M,0.30224991346486674
8,fusion_all_norm+finetune,N,0.046296296296296294
8,fusion_all_norm+finetune,O,0.5120153711703007
8,fusion_all_norm+finetune,P,0.40601539549559357
8,fusion_all_norm+finetune,Q,0.47682201017150705
8,fusion_all_norm+finetune,R,0.5620650285430627
8,fusion_all_norm+finetune,S,0.4713866471019809
8,fusion_bioOnly_finetune,A,0.8293178316290797
8,fusion_bioOnly_finetune,B,0.2825411618515067
8,fusion_bioOnly_finetune,C,0.39622641509433965
8,fusion_bioOnly_finetune,D,0.7357910906298003
8,fusion_bioOnly_finetune,E,0.2843262678205611
8,fusion_bioOnly_finetune,F,0.4497076023391813
8,fusion_bioOnly_finetune,G,0.6363636363636364
8,fusion_bioOnly_finetune,H,0.4409963955957142
8,fusion_bioOnly_finetune,I,0.30128205128205127
8,fusion_bioOnly_finetune,J,0.21402089652847994
8,fusion_bioOnly_finetune,K,0.6739465570400822
8,fusion_bioOnly_finetune,L,0.72
8,fusion_bioOnly_finetune,M,0.25253954558527464
8,fusion_bioOnly_finetune,N,0.33195187165775397
8,fusion_bioOnly_finetune,O,0.1474119013811798
8,fusion_bioOnly_finetune,P,0.4444444444444444
8,fusion_bioOnly_finetune,Q,0.6228212808443874
8,fusion_bioOnly_finetune,R,0.298635477582846
8,fusion_bioOnly_finetune,S,0.28805916305916307
8,fusion_bioOnly_global,A,0.8296903460837887
8,fusion_bioOnly_global,B,0.29744579744579747
8,fusion_bioOnly_global,C,0.42235294117647054
8,fusion_bioOnly_global,D,0.744
8,fusion_bioOnly_global,E,0.2890775130442644
8,fusion_bioOnly_global,F,0.4444444444444444
8,fusion_bioOnly_global,G,0.6499402628434886
8,fusion_bioOnly_global,H,0.422849578405134
8,fusion_bioOnly_global,I,0.3167701863354037
8,fusion_bioOnly_global,J,0.2300454250486697
8,fusion_bioOnly_global,K,0.6443863897030713
8,fusion_bioOnly_global,L,0.7070707070707071
8,fusion_bioOnly_global,M,0.2555434782608696
8,fusion_bioOnly_global,N,0.32346179851250845
8,fusion_bioOnly_global,O,0.16574115098705264
8,fusion_bioOnly_global,P,0.4485112563543936
8,fusion_bioOnly_global,Q,0.5385988836160657
8,fusion_bioOnly_global,R,0.2962962962962963
8,fusion_bioOnly_global,S,0.28568874586573706
8,fusion_bioOnly_norm,A,0.5192982456140351
8,fusion_bioOnly_norm,B,0.558641975308642
8,fusion_bioOnly_norm,C,0.4555173730431462
8,fusion_bioOnly_norm,D,0.8344098277608916
8,fusion_bioOnly_norm,E,0.381219470448052
8,fusion_bioOnly_norm,F,0.5325185508511567
8,fusion_bioOnly_norm,G,0.6182116696135387
8,fusion_bioOnly_norm,H,0.7848149416105595
8,fusion_bioOnly_norm,I,0.2904656319290466
8,fusion_bioOnly_norm,J,0.6059143559143559
8,fusion_bioOnly_norm,K,0.5413274660799413
8,fusion_bioOnly_norm,L,0.11764705882352941
8,fusion_bioOnly_norm,M,0.35805419703067676
8,fusion_bioOnly_norm,N,0.1016949152542373
8,fusion_bioOnly_norm,O,0.18635477582846002
8,fusion_bioOnly_norm,P,0.3361344537815126
8,fusion_bioOnly_norm,Q,0.49343667604537167
8,fusion_bioOnly_norm,R,0.47614071752002785
8,fusion_bioOnly_norm,S,0.2942185623606108
8,fusion_bioOnly_norm+finetune,A,0.5552742616033756
8,fusion_bioOnly_norm+finetune,B,0.5575241601472619
8,fusion_bioOnly_norm+finetune,C,0.4238383838383838
8,fusion_bioOnly_norm+finetune,D,0.8199093883715076
8,fusion_bioOnly_norm+finetune,E,0.44271284271284267
8,fusion_bioOnly_norm+finetune,F,0.5325185508511567
8,fusion_bioOnly_norm+finetune,G,0.6414565826330532
8,fusion_bioOnly_norm+finetune,H,0.6475363178705855
8,fusion_bioOnly_norm+finetune,I,0.32384588684484555
8,fusion_bioOnly_norm+finetune,J,0.6204938716654651
8,fusion_bioOnly_norm+finetune,K,0.578310740354536
8,fusion_bioOnly_norm+finetune,L,0.14492753623188406
8,fusion_bioOnly_norm+finetune,M,0.3676543209876543
8,fusion_bioOnly_norm+finetune,N,0.1016949152542373
8,fusion_bioOnly_norm+finetune,O,0.18344226579520695
8,fusion_bioOnly_norm+finetune,P,0.34887186036611323
8,fusion_bioOnly_norm+finetune,Q,0.38687973086627414
8,fusion_bioOnly_norm+finetune,R,0.4650055370985604
8,fusion_bioOnly_norm+finetune,S,0.29300864100549884
